638,"35.45611111,-105.77972222",2005-07-17,32.9,15.4,23.4,30.6,15.4,23,7.9,40.46,0.33,,8.33,,,,66.6,30.3,224.2,1009.8,12.5,16,,,0,
4189,"42.91833333,-110.6525",2005-10-01,23.3,-2.2,10.2,23.3,-5.2,9.4,-7.6,38.06,0,,0,,,,,35.6,181.5,1010.3,0,16,,,0,
6022,"46.85,-121.00861111",2005-06-04,19.8,7.5,13.7,19.8,4.6,13.2,3.8,53.27,0,,0,,,,,26.3,281.3,1011,15.6,14.1,,,0,
10018,"42.85388889,-121.01",2006-07-24,0,0,,0,0,,,,,,0,,,,,,,,,,,,,
15814,"47.65611111,-116.14166667",2006-07-16,26.1,12.7,19.2,26.1,12.7,19.2,3.7,37.65,0,,0,,,,,11.4,,1016.7,0,16,,,0,
18281,"33.67194444,-111.04083333",2007-04-18,30.1,14.1,25.2,28.2,14.1,24.4,-4,17.61,0,,0,,,,,29.5,,,20.8,47.7,,,0,
31114,"35.83361111,-118.52888889",2008-07-12,36.1,21.5,28.6,35.7,21.5,28.7,14.9,44.7,0,,0,,,,68.4,22.3,264.5,1012.6,22.5,14.9,,,0,
31114,"35.83361111,-118.52888889",2008-07-13,34.1,22.1,28.2,33.9,22.1,28.2,16.2,50.17,0,,0,,,,61.2,16.9,244.3,1012.7,7.2,15.4,,,0,
31114,"35.83361111,-118.52888889",2008-07-14,36,22.9,30,36.1,22.9,30.1,15.6,42.9,0,,0,,,,,18.5,254.2,1010.4,13.5,16.4,,,0,
35486,"43.645,-121.77444444",2009-05-31,27.1,15.1,19.6,26.2,15.1,19.6,8.2,50.2,0,,0,,,,,31.3,246.7,,38.8,16,,,0,
36903,"45.31805556,-118.44611111",2009-08-04,32.9,9.5,21.7,30.6,9.5,21.1,5.3,39.08,0.07,,4.17,,,,,19.7,205.6,1013.5,9.7,15.7,,,0,
36903,"45.31805556,-118.44611111",2009-08-05,30.4,10.6,20.6,28.5,10.6,20.3,7.7,48.49,0.2,,8.33,,,,,12.2,209.9,1012.3,5.8,16,,,0,
36903,"45.31805556,-118.44611111",2009-08-06,20.4,11.1,14.9,20.4,11.1,14.9,8.3,67.72,12.42,,45.83,,,,,10.4,274.5,1009.9,63,14.7,,,0,
41330,"36.93194444,-92.96416667",2009-11-12,15.4,4.1,9.2,15.4,0.9,7.8,-0.3,53.89,0,,0,,,,,16.1,139.2,1018.3,3.4,14.7,,,0,
41643,"39.15277778,-120.50527778",2009-10-18,16.7,8.5,13.5,16.7,6.4,13.2,6.6,64.3,2.33,,12.5,,,,,21.7,168.2,1012.3,33.4,15.5,,,0,
41956,"46.10333333,-114.21",1992-07-23,20.1,12.7,17.1,20.1,12.7,17.1,8,56.44,0,,0,,,,,27.7,145,,75,30,,,0,
49342,"39.505,-120.89666667",1992-10-21,14.7,8.8,11.4,14.7,7.9,11.3,7.3,76.78,18.7,,20.83,,,,,16.9,191.6,1013.4,17.1,20.8,,,0,
50640,"48.73166667,-120.175",1992-08-20,30.1,21.1,24.4,28.2,21.1,24.1,-0.6,19.8,0,,0,,,,,22,303,1012.8,0,,,,0,
50640,"48.73166667,-120.175",1992-08-21,26.1,14.1,20,26.1,14.1,20.1,6.1,41.08,0,,0,,,,,10.8,130.6,1008.1,0,,,,0,
51679,"42.92833333,-121.93166667",1992-08-15,0,0,,0,0,,,,,,0,,,,,,,,,,,,,
52942,"37.74,-91.11833333",1992-10-10,18.9,10.6,14.5,18.9,10.6,14.6,3,48.17,0,,0,,,,,36.7,290,1015.3,31.9,24,,,0,
59526,"30.55833333,-95.78833333",1993-09-01,35.4,22.5,28.6,36.8,22.5,29.7,20.8,66.6,0,,0,,,,,13.7,246,1014,21.2,19.4,,,0,
59714,"36.83333333,-92.07166667",1993-03-08,20.6,4.4,12.5,20.6,4.4,12.4,0.1,45.07,0,,0,,,,,20.2,292.9,,0,16,,,0,
63942,"38.27,-108.30666667",1994-07-28,33.9,17.7,25.5,31.4,17.7,24.7,4.8,29.16,0,,0,,,,,20.2,217.9,1011.2,0,16,,,0,
64722,"34.49,-111.04333333",1994-07-01,35.6,18,26.7,33.9,18,25.9,6.3,28.86,0,,0,,,,,25.9,210.8,,19.7,20.4,,,0,
64722,"34.49,-111.04333333",1994-07-02,35.6,15.7,26.2,33.3,15.7,25.4,7.1,32.21,0,,0,,,,,44.3,177.6,,8.3,16.2,,,0,
64722,"34.49,-111.04333333",1994-07-03,34.4,15,26.4,31.8,15,25.4,4.8,29.37,0,,0,,,,,40.7,210.9,,0,21.2,,,0,
67027,"35.53,-105.50333333",1994-07-04,34.4,16.7,26.8,31.8,16.7,25.7,-1.1,17.18,0,,0,,,,,28.1,243.5,,20.8,59,,,0,
68075,"38.05833333,-111.29166667",1994-08-03,36.2,33.4,34.8,33.8,31.2,32.5,6.4,17.42,0,,0,,,,,14.8,320,,15,97,,,0,
69154,"40.75166667,-111.1",1994-07-22,34.3,21.3,26,32.5,21.3,25.5,10.9,40.69,0.3,,4.17,,,,,32.1,156.5,1012.2,51.3,17.8,,,0,
69342,"34.38,-118.40833333",1994-07-15,29.7,18,22.8,28.9,18,22.7,12.5,53.85,0,,0,,,,,22.3,139,1013.7,31,18.6,,,0,
70241,"40.16333333,-120.43",1994-07-17,34.4,20.6,29,31.8,20.6,27.5,5.8,27.52,4,,33.33,,,,,27.7,165,,10,48,,,0,
70518,"34.225,-117.40666667",1994-09-20,29.7,13.4,20.8,28.6,13.4,20.7,12.4,62.59,0,,0,,,,,18.9,251.1,1012.4,9,13.3,,,0,
74741,"47.13333333,-94.61666667",1994-05-08,18.4,7.7,12.7,18.4,5.8,12,-0.8,43.59,0,,0,,,,,33,272.4,,24.7,18.6,,,0,
79780,"36.27,-115.52",1995-07-22,38.8,23.5,31.7,36.4,23.5,30,4,18.06,0,,0,,,,,28.7,212.8,1008.9,0.9,51.6,,,0,
83604,"35.59916667,-92.82166667",1995-10-08,21.7,5.1,13.4,21.7,3,13.1,6.7,67.56,0,,0,,,,,22,159.4,1018.5,17.1,32,,,0,
84045,"37.53166667,-92.28",1995-03-26,25.9,9.4,16.6,25.9,6.7,16.5,8.9,61.26,0,,0,,,,,29.5,190.3,1010.8,55.5,13.8,,,0,
84598,"44.375,-71.03",1995-06-26,18.9,8.3,13.3,18.9,4.7,12.8,10.9,86.79,0,,0,,,,,28.6,57.2,1024,46.5,15.4,,,0,
88503,"40.42833333,-106.71333333",1996-08-14,0,0,,0,0,,,,,,0,,,,,,,,,,,,,
88503,"40.42833333,-106.71333333",1996-08-15,18.1,18.1,18.1,18.1,18.1,18.1,1.1,31.9,0,,0,,,,,7.6,80,,0,,,,0,
88595,"33.57,-111.48666667",1996-05-03,35.7,20.7,28.7,33,20.7,27.4,-1.7,14.4,0,,0,,,,,21.7,190.3,1006.9,0,32.9,,,0,
90094,"41.92333333,-113.68638889",1996-08-01,19.1,19.1,19.1,19.1,19.1,19.1,10.1,55.92,0,,0,,,,,11.2,180,1013.1,0,24,,,0,
90094,"41.92333333,-113.68638889",1996-08-02,,,,,,,,,,,,,,,,,,,,,,,,
90094,"41.92333333,-113.68638889",1996-08-03,,,,,,,,,,,,,,,,,,,,,,,,
90094,"41.92333333,-113.68638889",1996-08-04,12.8,12.8,12.8,12.8,12.8,12.8,2.7,50.27,0,,0,,,,,7.7,190,1007.3,19.7,34.5,,,0,
90094,"41.92333333,-113.68638889",1996-08-05,0,0,,0,0,,,,,,0,,,,,,,,,,,,,
90094,"41.92333333,-113.68638889",1996-08-06,0,0,,0,0,,,,,,0,,,,,,,,,,,,,
93378,"39.86888889,-120.09",1996-06-22,24.7,4.7,15.6,24.7,4.7,15.6,4.3,50.48,0,,0,,,,,21.4,222.6,1010.2,11.3,22,,,0,
94282,"34.12833333,-116.90166667",1996-08-31,38.3,21.1,28.6,35.5,21.1,27.5,5.1,25.45,0,,0,,,,,18.4,221.6,1009.7,19.3,40.7,,,0,
98105,"44.76666667,-115.53166667",1997-08-02,0,0,,0,0,,,,,,0,,,,,,,,,,,,,
98854,"38.50833333,-119.005",1997-08-03,0,0,,0,0,,,,,,0,,,,,,,,,,,,,
98854,"38.50833333,-119.005",1997-08-04,0,0,,0,0,,,,,,0,,,,,,,,,,,,,
112233,"46.825,-113.93166667",1998-05-17,11.7,8.4,10,11.7,6.2,9.4,5.7,75.24,6.17,,29.17,,,,,29.5,193,1011.1,93.3,16,,,0,
112233,"46.825,-113.93166667",1998-05-18,14.4,7.2,10.2,14.4,5.7,9.8,2.3,59.15,0,,0,,,,,18.7,177.8,1020.6,88.3,16.1,,,0,
112755,"34.45833333,-118.22333333",1998-08-09,36.8,18.1,28,35,18.1,27.3,8.7,30.81,0,,0,,,,,29.2,193.1,1012.6,10.8,26.4,,,0,
115747,"47.055,-115.92861111",1999-07-20,22.1,10.1,16.3,22.1,10.1,16.4,3,43.02,0.5,,4.17,,,,,22.3,247.7,1009.3,56.5,15.8,,,0,
115747,"47.055,-115.92861111",1999-07-21,19.1,9.1,13.9,19.1,6.8,13.8,7.1,64.92,0,,0,,,,,16.6,241.8,1012.4,5.2,16,,,0,
121183,"44.63805556,-118.33222222",1999-09-02,18.8,1.3,10.8,18.8,-0.2,10.2,-0.3,50.24,0,,0,,,,,27.7,265.1,1015.3,37.4,24.1,,,0,
128886,"35.75111111,-105.8025",2000-06-21,30.8,11.3,21.8,28.9,11.3,21.4,6,38.95,0,,0,,,,,37.5,197.3,1009.9,1.7,17.9,,,0,
128886,"35.75111111,-105.8025",2000-06-22,28.4,12.8,20.9,27.3,12.8,20.7,7.4,44.29,1.5,,4.17,,,,,35.3,144.5,1010.9,16.9,17,,,0,
136172,"33.50166667,-108.85083333",2001-06-24,0,0,,0,0,,,,,,0,,,,,,,,,,,,,
136172,"33.50166667,-108.85083333",2001-06-25,0,0,,0,0,,,,,,0,,,,,,,,,,,,,
136172,"33.50166667,-108.85083333",2001-06-26,0,0,,0,0,,,,,,0,,,,,,,,,,,,,
137919,"36.1675,-115.61",2001-09-30,35.7,23.1,29.4,33.7,23.1,28.3,4.6,20.94,0,,0,,,,,18.2,238.1,1010.3,14.4,16,,,0,
140965,"46.96722222,-114.53361111",2001-07-14,31.2,10.7,20.9,29.2,10.7,20.5,9,53.18,0,,0,,,,,24.1,250.7,1013.4,0,16,,,0,
140965,"46.96722222,-114.53361111",2001-07-15,26.7,14.4,19.8,26.7,14.4,19.8,10.2,55.86,4.1,,4.17,,,,,22.3,195.5,1006.7,33.8,16,,,0,
140965,"46.96722222,-114.53361111",2001-07-16,18.4,11.2,15.1,18.4,11.2,15.2,10.5,75.62,3.8,,8.33,,,,,25.9,210.6,1008.9,64.6,16,,,0,
142757,"35.25222222,-106.45083333",2001-10-13,20,5.2,11.7,20,1,10.2,-7.6,25.44,0,,0,,,,,28.8,290.5,1010.6,0.9,16.2,,,0,
154110,"44.98055556,-119.55111111",2002-07-13,39.1,39.1,39.1,38.9,38.9,38.9,14.1,22.84,0,,0,,,,,20.5,220,,50,48,,,0,
156521,"33.88583333,-108.78472222",2003-07-29,0,0,,0,0,,,,,,0,,,,,,,,,,,,,
156521,"33.88583333,-108.78472222",2003-07-30,0,0,,0,0,,,,,,0,,,,,,,,,,,,,
158024,"35.70111111,-105.43138889",2003-08-11,28.9,13.4,20.9,27.7,13.4,20.8,10.6,55.13,0.5,,4.17,,,,,24.7,179.9,1018.4,9.7,16,,,0,
159498,"55.48888889,-131.60305556",2003-08-08,23.3,9.3,16.8,23.3,9.3,16.8,11,71.33,0,,0,,,,,16.2,273.7,1016.3,0.6,15.9,,,0,
162021,"37.89916667,-90.96833333",2003-11-24,2.5,-6.1,-2.3,0.4,-14.4,-7,-8.3,64.42,0,,0,,,,,35.3,262.7,1020.3,30,16,,,0,
162708,"39.16916667,-120.26861111",2003-08-01,23.8,14.5,18.2,23.8,14.5,18.2,11.6,66.99,1.64,,25,,,,,15.9,178.3,1017.6,42.1,15.7,,,0,
162708,"39.16916667,-120.26861111",2003-08-02,17.5,14.2,15.7,17.5,14.2,15.7,12.5,82.09,4.33,,45.83,,,,,13.3,206,1017.5,89.6,14.2,,,0,
162708,"39.16916667,-120.26861111",2003-08-03,22,10.9,16.9,22,10.9,16.9,10.8,69.14,13.22,,4.17,,,,,12.6,202.6,1017.7,32.4,16,,,0,
171907,"47.35416667,-121.24027778",2004-08-17,23.8,14.3,18.1,23.8,14.3,18.1,12.8,72.85,0,,0,,,,,20.6,238.5,1019.8,28.5,10.5,,,0,
173582,"36.3584,-96.5209",1999-03-07,7,-2,3,3.6,-7.5,-1.4,-2.9,66.72,0.09,,4.17,,,,,28.2,81.6,1027.5,64.1,14.8,,,0,
174361,"34.0334,-94.7002",1995-08-16,0,0,,0,0,,,,,,0,,,,,,,,,,,,,
175558,"47.9903,-98.906",1993-05-02,16.7,-1.6,8.8,16.7,-1.6,8.4,-1.7,54.38,0,,0,,,,,14.8,166.4,,0,14.2,,,0,
177901,"48.8411,-99.9871",1994-04-17,0,0,,0,0,,,,,,0,,,,,,,,,,,,,
184132,"48.0166,-94.8503",1996-05-14,11,3.5,7.6,11,1,5.2,2.2,69.4,0,,0,,,,,36.7,158.5,1013.7,60.7,14.7,,,0,
186891,"35.4834,-109.3507",1995-07-09,33.9,15.7,25.7,31.3,15.7,24.8,0.1,20.75,0,,0,,,,,22.3,143.8,1015.9,40,33.3,,,0,
189481,"47.9682,-118.9653",1997-09-13,0,0,,0,0,,,,,,0,,,,,,,,,,,,,
200887,"34.0317,-109.8157",1995-06-28,27.2,19.4,23.6,26.2,19.4,23.5,3.3,27.54,0,,0,,,,,27.7,206.7,,68.6,57.1,,,0,
202872,"33.1501,-111.784",1992-06-14,35.8,22.3,29.5,33.2,22.3,28.1,1.2,16.63,0,,0,,,,,28.1,201.2,1004.1,25.7,51.2,,,0,
206000,"33.4501,-109.784",1992-05-31,30.6,12.9,22.9,29.1,12.9,22.5,11,52.69,0,,0,,,,,13,271,,1.3,80,,,0,
206487,"33.3667,-110.6507",1993-06-07,0,0,,0,0,,,,,,0,,,,,,,,,,,,,
209799,"35.9019,-113.0855",1998-07-20,0,0,,0,0,,,,,,0,,,,,,,,,,,,,
211992,"36.5833,-113.6508",1995-06-29,33.9,20.6,25.4,31.6,20.6,25,9.3,37.99,0,,0,,,,,38.9,120,,15.4,15.8,,,0,
211992,"36.5833,-113.6508",1995-06-30,33.9,18.9,25.9,31.6,18.9,25.1,9.2,39.66,0,,0,,,,,31.3,166.8,,8.8,16,,,0,
211992,"36.5833,-113.6508",1995-07-01,34.4,20.6,27.4,31.9,20.6,26.4,4.7,27.04,0,,0,,,,,38.9,197,,0,16,,,0,
212163,"36.65,-113.5841",1996-08-16,0,0,,0,0,,,,,,0,,,,,,,,,,,,,
212163,"36.65,-113.5841",1996-08-17,0,0,,0,0,,,,,,0,,,,,,,,,,,,,
212163,"36.65,-113.5841",1996-08-18,0,0,,0,0,,,,,,0,,,,,,,,,,,,,
216596,"32.5848,-116.8347",1996-07-07,22.6,17.9,19.1,22.6,17.9,19.2,15.6,80.63,0,,0,,,,,24.1,281.7,1011.4,45.7,10.4,,,0,
216856,"32.6001,-116.8009",1997-08-12,24.2,18.2,20.4,24.2,18.2,20.4,15.6,74.73,0,,0,,,,,20.6,287.7,1015,50.9,14,,,0,
219676,"40.4833,-108.484",1992-08-01,0,0,,0,0,,,,,,0,,,,,,,,,,,,,
219676,"40.4833,-108.484",1992-08-02,0,0,,0,0,,,,,,0,,,,,,,,,,,,,
221652,"38.8833,-109.034",1994-07-04,35.7,18.4,27.9,32.8,18.4,26.8,-2.2,17.24,0,,0,,,,,27.7,175.8,1003.5,5.4,74,,,0,
221652,"38.8833,-109.034",1994-07-05,35.1,19.4,27.3,32.4,19.4,26.3,-2.3,16.26,0,,0,,,,,24.1,161.3,1006.4,6.7,54.7,,,0,
221652,"38.8833,-109.034",1994-07-06,31.7,20.1,26.3,29.5,20.1,25.5,-4.6,13.29,0,,0,,,,,46.4,227.1,1007.2,5,70.3,,,0,
221652,"38.8833,-109.034",1994-07-07,28.9,12.9,21.5,27.3,12.9,21.2,-0.9,22.74,0,,0,,,,,29.5,90.4,1014.4,0,107.3,,,0,
229472,"37.5666,-114.4675",1994-08-19,31.7,18.4,23.8,29.6,18.4,23.2,3.7,28.3,0,,0,,,,,40.7,138.9,,0,,,,0,
229472,"37.5666,-114.4675",1994-08-20,33.4,13.9,24.4,31.1,13.9,23.6,3.6,27.51,0,,0,,,,,16.6,119.5,,0,,,,0,
233356,"43.8832,-120.4844",1992-07-18,32.9,17.8,24.9,30.9,17.8,24.3,8.9,38.89,0,,0,,,,,27.7,251.9,1015.2,8.8,18.4,,,0,
233356,"43.8832,-120.4844",1992-07-19,32.2,10.7,21.3,30.1,10.7,20.9,7,43.98,0.3,,4.17,,,,,35.3,203.9,1015.8,16.7,15.8,,,0,
233573,"44.0498,-121.0178",1995-07-20,30.6,14.4,21.6,29.4,14.4,21.5,11.8,57.75,0,,0,,,,,25.9,214.5,,3.8,16,,,0,
233573,"44.0498,-121.0178",1995-07-21,29.4,12.2,21.2,27.8,12.2,20.9,7.7,46.19,0,,0,,,,,29.5,260.9,,0,16,,,0,
235146,"37.6169,-111.9105",1997-09-13,16.1,13.1,14.6,16.1,13.1,14.6,10.6,76.93,0,,0,,,,,11.2,,1015,60,48,,,0,
235146,"37.6169,-111.9105",1997-09-14,0,0,,0,0,,,,,,0,,,,,,,,,,,,,
238654,"36.34319,-112.26001",1993-08-03,30.6,12.2,21,29.2,12.2,20.7,9.7,52.6,0,,0,,,,,14.8,200,,64.3,52.9,,,0,
238654,"36.34319,-112.26001",1993-08-04,26.7,13.9,20.5,26.7,13.9,20.5,12.4,61.88,0,,0,,,,,14.8,213,,96.2,64.6,,,0,
239919,"34.94146,-108.11758",1992-06-26,28.4,13.9,21.1,26.9,13.9,20.4,1.1,37.49,0,,0,,,,,22,260,,15,40,,,0,
239919,"34.94146,-108.11758",1992-06-27,29.4,26.7,28,27.6,26.7,27.2,-2.3,13.68,0,,0,,,,,22,320,,15,40,,,0,
239919,"34.94146,-108.11758",1992-06-28,29.4,29.4,29.4,27.6,27.6,27.6,-1.1,13.77,0,,0,,,,,14.8,350,,30,40,,,0,
242009,"37.09245,-91.24904",1995-03-19,27.2,12.7,20.4,26.7,12.7,20.4,6.5,41.58,0,,0,,,,,18.4,169.6,,0,,,,0,
248381,"35.7683,-94.705",2008-11-05,21.5,13.9,18.3,21.5,13.9,18.3,11.9,66.66,0,,0,,,,51.8,32.3,149.6,1010.2,53.7,15.8,,,0,
251498,"26.242,-80.8331",2005-01-19,20,10.7,15.6,20,10.7,15.6,9.1,67.51,0.05,,4.17,,,,,21.5,222.3,1025.9,65,16,,,0,
251512,"26.1704,-80.8509",2007-03-21,25.2,18,21.4,25.2,18,21.4,13,59.4,0.32,,12.5,,,,50,34.8,,1024.3,37.4,15.9,,,0,
259162,"48.8342,-99.8044",2007-11-11,9.1,2.1,6.1,6,-2.3,2.2,,,0,,0,,,,50,36.7,,1004.2,0,,,,0,
264909,"43.0444,-102.555",2006-06-14,36.2,21.6,29.4,34.7,21.6,28.8,12.7,39.4,1.59,,8.33,,,,,37.1,,1002.5,2.1,15.4,,,0,
265806,"43.0258,-102.5619",2007-08-20,28.9,15.1,22.5,27.9,15.1,22.3,14,63.86,0.5,,4.17,,,,,27.7,,1007,31.6,13.1,,,0,
266159,"43.1411,-102.3625",2009-06-24,32.8,13.9,23.6,31.4,13.9,23.4,13.9,58.66,0,,0,,,,,28.5,168.8,1012.6,1.4,16,,,0,
272585,"47.8778,-94.9856",2005-04-05,17.5,5.9,11,17.5,3.2,9.8,-0.6,45.37,0,,0,,,,,23.6,68.3,,9.4,16,,,0,
273969,"47.8764,-94.9303",2009-04-13,14.1,6.1,9.9,14.1,5.3,9.6,-3.6,39.93,0.8,,4.17,,,,,25.9,155.7,,84.8,16,,,0,
276421,"35.5356,-109.3318",2007-07-22,25.8,12.7,18.9,25.8,12.7,18.9,12.3,68.36,0.82,,12.5,,,,,14.3,,1014.6,24.7,15.9,,,0,
278576,"44.7832,-121.3012",2003-07-28,38.4,15.1,27.2,36.7,15.1,26.2,7,30.73,0,,0,,,,,29.5,264.7,1016.7,0,16,,,0,
280483,"47.892367,-117.87749",2002-07-02,24.6,7.1,16.6,24.6,5.4,16.3,3.3,44.96,0,,0,,,,,18,189.5,1018,20.3,14.3,,,0,
281981,"41.0999,-123.7012",2002-06-19,14.1,11,11.9,14.1,11,11.9,9.8,86.93,0,,0,,,,,18.4,246.4,1016.9,58.2,15.6,,,0,
281981,"41.0999,-123.7012",2002-06-20,13.5,11,11.9,13.5,11,11.9,10.8,93,0.3,,4.17,,,,,19.4,293.7,1015.3,78.1,10.2,,,0,
284913,"48.5616,-113.0206",2008-05-20,20.7,9.8,15.2,20.7,6.9,15.1,5.2,53.98,0.8,,8.33,,,,53.6,24.3,196.1,1005.5,7.7,15.9,,,0,
293408,"36.9345,-107.0881",2006-06-10,27.9,7.9,18.7,26.7,6.6,18.4,0.3,38.74,0,,0,,,,,33.5,,1010.4,2.1,16.4,,,0,
293408,"36.9345,-107.0881",2006-06-11,30.7,5.7,19,28.7,4.7,18.4,-5.1,26.15,0,,0,,,,,22.3,,1010.3,0,16,,,0,
305692,"60.4828,-150.7022",2004-07-09,25.5,14.9,19.9,25.5,14.9,19.9,9,51.93,0,,0,,,,,12.8,192.6,1013.4,46.8,15.9,,,0,
311199,"37.500019,-118.631761",2003-09-16,31.2,7.2,20.9,29.1,5.4,20.3,-0.2,28.07,0,,0,,,,,31.7,284.1,1007.7,0,16,,,0,
311929,"35.470986,-119.048575",2005-05-02,26.6,11.6,19.4,26.6,11.6,19.3,6.9,46.34,0,,0,,,,,27.6,274.8,1015.9,14.1,16,,,0,
313599,"38.04005,-120.207714",2007-08-09,33.9,15.7,25,31.9,15.7,24.3,10,42.99,0,,0,,,,,18.4,,1012.2,1.3,16,,,0,
319312,"38.4849,-122.253431",2003-06-22,27.1,11.3,18.7,26.8,11.3,18.7,9.9,59.67,0,,0,,,,,25.9,226.3,1008.5,17.9,22.2,,,0,
320199,"41.885108,-122.493297",2005-03-20,11,0.3,6.3,11,-2.9,3.8,0.3,66.73,0.58,,45.83,,,,55.4,43.2,165.1,1008.8,79.3,15.9,,,0,
321034,"40.417103,-120.710417",2007-06-17,0,0,,0,0,,,,,,0,,,,,,,,,,,,,
321422,"40.709686,-122.344225",2007-11-08,21.1,5.7,12.8,21.1,5.7,12.8,4.8,61.1,0,,0,,,,,11.2,,1015.3,1,15.2,,,0,
324081,"40.6997,-108.6382",2008-07-06,31.4,16.4,22.4,29.4,16.4,22,6.4,38.18,0.3,,4.17,,,,,29.5,212.9,1009.7,6.8,16,,,0,
324081,"40.6997,-108.6382",2008-07-07,29.5,14.5,21.8,27.9,14.5,21.5,7.6,44.16,0,,0,,,,,14.8,220,1011.5,3.9,15.9,,,0,
324081,"40.6997,-108.6382",2008-07-08,31.3,14.6,23.9,29.2,14.6,23.2,3.7,29.22,0,,0,,,,,20.5,225.4,1011.6,2.6,16,,,0,
325793,"39.0897,-108.7386",2007-07-07,35.1,21.2,28.1,32.6,21.2,27,5.4,25.3,0,,0,,,,,33.5,,1010.4,1.2,16,,,0,
325793,"39.0897,-108.7386",2007-07-08,34.4,20.1,27.1,31.8,20.1,26.2,2.7,22.39,0,,0,,,,85.3,44.6,,1008,2.5,15.9,,,0,
325793,"39.0897,-108.7386",2007-07-09,36.2,17.9,27,33.3,17.9,25.8,2,22.59,0,,0,,,,53.6,20.5,,1008.4,11.3,16,,,0,
325793,"39.0897,-108.7386",2007-07-10,37.2,20.1,28.8,34.1,20.1,27.4,-0.6,16.63,0,,0,,,,55.4,25.9,,1008.9,3.7,16,,,0,
330560,"46.477403,-107.866303",2009-07-21,0,0,,0,0,,,,,,0,,,,,,,,,,,,,
330560,"46.477403,-107.866303",2009-07-22,0,0,,0,0,,,,,,0,,,,,,,,,,,,,
333113,"41.1291,-114.8709",2000-06-22,33.1,18.1,27.1,30.8,18.1,25.7,1.1,19.14,0,,0,,,,,14.8,270,,20,32,,,0,
333369,"40.4266,-115.6659",2001-08-11,33.9,15.1,25.5,31.5,15.1,24.6,4.4,28,0,,0,,,,,37.1,197.9,1015,1.3,15.2,,,0,
336350,"38.1806,-114.4822",2009-07-01,0,0,,0,0,,,,,,0,,,,,,,,,,,,,
342651,"44.8413,-120.6175",2009-08-02,33.9,17.1,25,32.1,17.1,24.5,12.2,48.97,12.7,,8.33,,,,77.8,35.3,227.4,1012.3,12.9,15.8,,,0,
342651,"44.8413,-120.6175",2009-08-03,33.9,16.1,24.2,32.1,16.1,23.7,12,51.76,0.3,,4.17,,,,,25.9,221.4,1012.1,5.8,16,,,0,
342651,"44.8413,-120.6175",2009-08-04,32.9,14.2,23.7,31,14.2,23.2,10.8,49.1,0,,0,,,,55.4,38.9,233.5,1012.4,2.5,15.9,,,0,
342651,"44.8413,-120.6175",2009-08-05,31.9,11.9,21.7,29.6,11.9,21.2,3.3,36.23,0,,0,,,,48.2,35.3,230.6,1012.1,3.3,16,,,0,
342651,"44.8413,-120.6175",2009-08-06,21.9,12.1,16,21.9,12.1,16.1,6.3,53.66,0,,0,,,,,27.7,267.8,1010.8,55,16,,,0,
342651,"44.8413,-120.6175",2009-08-07,21.1,11.9,15.2,21.1,11.9,15.2,6.5,57.23,0,,0,,,,50,40.7,287.8,1015.1,38.8,16,,,0,
342651,"44.8413,-120.6175",2009-08-08,25.9,6.1,16.2,25.9,5.3,15.9,5.8,55.96,0,,0,,,,,22.3,244.7,1019.4,6.2,16,,,0,
342651,"44.8413,-120.6175",2009-08-09,27.1,8.2,18.2,26.5,8.2,18.1,7.8,55.47,0,,0,,,,,24.1,305.5,1017.8,3.7,16,,,0,
342651,"44.8413,-120.6175",2009-08-10,31.1,7.1,19.9,29,5.7,19.2,3.1,42.78,0,,0,,,,,24.1,232.9,1017.2,5,16,,,0,
342651,"44.8413,-120.6175",2009-08-11,30.9,8,20.5,28.8,8,20.2,4.9,40.73,0,,0,,,,,20.5,250.6,1016.2,0,16,,,0,
342651,"44.8413,-120.6175",2009-08-12,26.8,16.9,20.9,26.3,16.9,20.9,9.1,49.7,0,,0,,,,,33.5,268.3,1016.3,30,16,,,0,
342651,"44.8413,-120.6175",2009-08-13,21.9,11.9,16.7,21.9,11.9,16.7,7.8,58.7,0,,0,,,,48.2,33.5,239.5,1016,35,16,,,0,
342651,"44.8413,-120.6175",2009-08-14,20.1,7.1,13.3,20.1,5.3,13.2,3.8,55.32,0,,0,,,,,24.1,272.9,1019.6,51.7,16,,,0,
342651,"44.8413,-120.6175",2009-08-15,22.9,3,13.1,22.9,0.4,12.4,1.1,52.12,0,,0,,,,,20.5,218.4,1020.2,0,16,,,0,
342651,"44.8413,-120.6175",2009-08-16,26.1,5.1,16.1,26.1,4.3,15.9,1.8,44.3,0,,0,,,,,22.3,246.5,1018.2,0,16,,,0,
347680,"40.59594,-113.02698",2000-08-02,39.1,16.8,29.1,36.1,16.8,27.9,6.2,25.25,0,,0,,,,,18.4,260.9,1007,43.4,21.6,,,0,
347680,"40.59594,-113.02698",2000-08-03,37.1,17.1,26.4,34.4,17.1,25.5,7.7,33.16,1,,9.52,,,,,27.7,237.7,1006.1,48.5,21.3,,,0,
348419,"40.4647,-112.4331",2006-08-14,33.2,16.7,25.5,30.9,16.7,24.6,6.3,32.75,0,,0,,,,81.4,17,,1011.3,29.7,24.7,,,0,
351074,"36.27715,-113.164878",2003-07-19,0,0,,0,0,,,,,,0,,,,,,,,,,,,,
358609,"37.4223,-79.60126",2000-06-26,31.3,19.6,24,33.4,19.6,24.4,19.3,76.23,10.33,,16.67,,,,,22.8,233.1,1016.4,29.6,13.7,,,0,
358609,"37.4223,-79.60126",2000-06-27,27.9,20.2,22.5,30,20.2,22.8,19.7,84.53,17.77,,25,,,,,17.7,218.7,1017,41.8,13.2,,,0,
358609,"37.4223,-79.60126",2000-06-28,22.1,20,20.9,22.1,20,20.9,20.1,95.51,20.57,,83.33,,,,,11.6,215.5,1015.8,76.1,8.7,,,0,
382837,"35.12005999,-93.71685998",2006-07-11,31.2,24.8,28.2,35.2,24.8,30.3,21.9,69.38,6,,16.67,,,,,16.1,,1013.1,22.2,14.9,,,0,
388643,"33.7275,-91.78022999",2005-12-28,20,11,15.9,20,11,15.9,4.4,47.38,0,,0,,,,50,25.7,266.7,1006.4,1.2,16,,,0,
389169,"33.45055999,-93.37749999",2005-09-22,36.4,22.1,30,37.1,22.1,30.6,17.8,50.35,0,,0,,,,,17.6,138.7,1011.9,6.9,14.5,,,0,
392442,"39.42846328,-105.26904506",2003-07-16,37.1,21.6,28.1,34.4,21.6,27.1,6.3,26.91,1,,4.35,,,,,32.5,223.4,1013.9,78.9,16,,,0,
397037,"30.02305999,-85.37222",2007-06-13,30.7,21.3,24.5,34,21.3,25.4,21.2,82.91,8.09,,16.67,,,,,21.8,,1011.8,29.3,14.6,,,0,
407339,"27.28805998,-80.80167001",2004-11-11,26.1,20.7,23,26.1,20.7,23,16.7,68.04,3.12,,29.17,,,,,28.1,93.4,1020.8,70,15.6,,,0,
408300,"29.24472,-82.11166",2009-01-31,15.9,-1.7,6.9,15.9,-1.7,6.7,-3,53.93,0,,0,,,,,12.5,236.3,1025.7,0,16,,,0,
411217,"30.52333,-83.01082998",2005-09-18,36,23.2,28.8,38.5,23.2,30.3,21.7,69.27,0.85,,20.83,,,,,11.8,151.2,1016.7,11.6,9.4,,,0,
412797,"30.42110998,-86.87027998",2006-03-07,23,8.5,15.3,23,7.6,15.2,4.2,50.48,0,,0,,,,,21.1,,1021.3,12.8,14.5,,,0,
418394,"33.38897684,-84.72539345",2003-11-15,20.3,-0.6,7.9,20.3,-0.6,7.9,0.4,68.75,0,,0,,,,,10.6,215,1022,8.1,15.8,,,0,
419765,"31.01466971,-83.4957047",2003-02-25,22.6,6.1,13.7,22.6,6.1,13.7,6.4,68.5,0.3,,4.17,,,,,9.4,131.8,1020.9,48.4,13.4,,,0,
422043,"34.21086709,-83.77743838",2005-06-29,30.8,21.9,25,33.4,21.9,25.7,20.9,79.48,9.68,,16.67,,,,,12.8,138.3,1017.4,63.9,12.9,,,0,
427822,"31.18073445,-84.55888437",2004-10-08,25.9,15,20.6,25.9,15,20.6,14.8,70.79,0,,0,,,,,9.7,65.8,1023,0.4,14.5,,,0,
429940,"32.82949164,-83.92165548",2004-03-05,25.7,15.7,20.8,25.7,15.7,20.8,15.7,73.44,0,,0,,,,,26.4,179.7,1019.8,66,13.7,,,0,
431838,"34.94485436,-85.42137718",2004-06-14,31,22.9,26.2,34.1,22.9,27.3,20.9,73.57,1.05,,20.83,,,,,19.6,176.7,1016.2,61,13.3,,,0,
438792,"32.57306406,-83.25409971",2006-12-09,11.9,-7.3,0.5,11.9,-9.9,-0.1,-8.4,59.51,0,,0,,,,,8.1,,1034.7,3.3,15.7,,,0,
439843,"34.89647352,-85.10555144",2006-02-26,9.5,0.5,4.3,6.7,-5.1,0.4,-9.9,36.97,0,,0,,,,55.4,32.5,,1026.7,0.1,16,,,0,
449801,"32.34511676,-81.58755241",2007-04-25,29.5,15.8,22.1,29.1,15.8,22,15.1,67.63,0,,0,,,,,21.5,,1018.3,38.9,15.8,,,0,
451526,"30.54880523,-82.12453051",2007-06-10,36.8,23.3,29.5,38.6,23.3,30.5,20.3,61.88,0,,0,,,,,15.5,,1014.3,30.2,14.3,,,0,
460212,"33.78909066,-84.7209982",2009-03-24,21,7.4,14.4,21,7.4,14.4,8.6,69.66,0,,0,,,,,16.1,138.5,1022.4,50.4,13.9,,,0,
460300,"33.13823102,-84.58791841",2009-02-10,21.1,3.8,12.4,21.1,3.8,12.4,5.4,66.14,0,,0,,,,,20.9,159,1023.3,14.2,13.8,,,0,
460657,"33.8672186,-84.80290756",2009-02-10,20.5,6,13.8,20.5,6,13.8,6.6,64.57,0,,0,,,,,18.9,160.4,1022.5,34.7,13.8,,,0,
462074,"48.577136,-116.839151",1993-06-26,30.5,12.1,20.2,29.3,12.1,20,11.3,61.01,0,,0,,,,,16.6,243.5,1010.8,3.9,48,,,0,
462133,"48.769873,-116.750551",1998-08-20,29.6,13.2,21,28.5,13.2,20.8,9.4,49.3,0,,0,,,,,7.6,222.5,1016.6,0,,,,0,
465800,"46.551597,-115.961942",1995-07-28,32.7,13.4,21.9,32.7,13.4,21.9,13.7,62.77,0,,0,,,,,10.8,82.8,1013.2,3.5,58.7,,,0,
467272,"46.53018,-116.0387",2008-09-15,27.7,8.7,16.6,26.8,7.9,16.5,6.7,55.84,0,,0,,,,,8.2,192.4,1020.3,0,16,,,0,
468298,"38.39170002,-82.80749002",2004-03-13,8.4,-3.9,2.2,7.2,-6.5,0.8,-9.9,44.06,0,,0,,,,,11.2,141.3,1029.9,0,16,,,0,
468929,"37.28947,-83.18660002",2004-03-01,17.9,10.7,13.7,17.9,10.7,13.7,-2.4,33.18,2.9,,20.83,,,,,18.7,193.4,1019.3,74.9,15.8,,,0,
471457,"37.78194997,-86.12397",2006-03-16,19,6.2,12.6,19,4.2,12.2,-0.6,41.26,0,,0,,,,,25.2,,1016.2,75.8,12,,,0,
475235,"32.65732629,-93.02100608",2005-10-28,20.1,3.1,11.1,20.1,3.1,11.1,3,62.8,0,,0,,,,,16.4,112.5,1026.9,0,14.4,,,0,
475764,"31.97329497,-92.65484518",2005-12-01,18.9,5.9,10.9,18.9,5.9,10.5,3.5,63.4,0,,0,,,,,16.8,171.4,1019.6,38.6,15.7,,,0,
476566,"30.73154353,-93.37053911",2006-01-13,18.2,6.3,12.8,18.2,4.8,12.5,2.9,55.9,9.82,,25,,,,66.6,34.6,,1019.2,28.5,15.5,,,0,
481740,"39.07861,-75.74389",2007-05-05,20.2,7.8,13.7,20.2,7.6,13.6,6.2,62.87,1.32,,16.67,,,,,19.8,,1020.3,33.4,15.9,,,0,
486700,"46.11931107,-93.83896314",2003-04-10,21.3,2.3,11,21.3,-1.5,9.4,-0.3,49.28,0,,0,,,,,19.4,232.4,1014.8,0,16,,,0,
486762,"48.6864488,-96.55912446",2003-04-11,17.7,-2.1,8.5,17.7,-3.9,7.6,-6.3,40.58,0.5,,4.17,,,,,16.9,211.8,1019,0,15.9,,,0,
486767,"48.13457335,-93.72666955",2003-04-11,16.5,-1.8,8.4,16.5,-1.8,8.1,-5.3,41.3,0,,0,,,,,19,241.2,1018.4,0,16,,,0,
487115,"45.53179185,-94.06589492",2003-04-23,21.2,3.9,12.8,21.2,1,11.9,0.5,45.79,0,,0,,,,,29.5,136.7,1016.9,0,16,,,0,
487199,"45.86420794,-93.82607333",2003-04-25,17.7,5.8,10.7,17.7,4.5,10,0.2,49.69,0,,0,,,,,14.6,52.3,1014,23.8,16,,,0,
491832,"45.87687792,-93.06520292",2006-06-29,26.5,10.2,19.5,26.5,10.2,19.5,11.7,65.32,0,,0,,,,,15,,,8.3,15,,,0,
498371,"46.30735188,-94.87599062",1995-05-21,20.5,1.9,12.2,20.5,1.9,12.2,0.3,47.1,0,,0,,,,,12.3,212.9,1015.8,24.7,20.7,,,0,
498609,"45.757959,-93.284302",1995-04-08,6.1,-2.3,1,3.5,-5,-0.9,-7.6,59.9,0,,0,,,,,14.3,105.9,1014.9,33.7,11.8,,,0,
501742,"45.99654687,-93.47686649",1997-04-19,19.1,-0.5,10.7,19.1,-3,10,0.4,54,0,,0,,,,,24.6,251,1009.3,29.8,15.9,,,0,
502659,"46.892934,-92.140463",1998-04-29,22.2,6.2,15,22.2,3.6,14.6,-5.1,26.32,0,,0,,,,,14.7,250,1018.6,0,16,,,0,
505713,"45.88821589,-94.12231345",2000-03-07,22.5,1.6,12.4,22.5,1.6,12.1,3.5,58.64,0,,0,,,,,17.1,176.3,1009.6,7,15.9,,,0,
507263,"46.56274313,-95.00758733",2001-04-23,8.7,0.8,3.2,5.6,-5.5,-1.5,0.2,83.37,17.73,,58.33,,,,,35.6,267.3,1009.1,67.4,12.8,,,0,
507912,"46.79083978,-95.77244765",2002-05-26,22.1,6.1,15.7,22.1,3.7,15.5,2.2,44.55,0.3,,4.17,,,,,26.1,260.7,1010.5,48.1,16,,,0,
510502,"46.71280001,-113.8983",2003-07-12,38.1,14.1,24.7,35.4,14.1,24,8.6,40.96,0,,0,,,,,37.1,231.8,1013,2.5,17.1,,,0,
511917,"47.4429,-113.8016",2002-07-14,34.4,18.9,26.3,33.6,18.9,26,14.8,54.15,0,,0,,,,,20.5,268.8,1008.5,5,15.9,,,0,
514266,"35.66033002,-81.12028001",2006-03-27,14.4,-1.7,6.6,14.4,-4.5,6.2,-3.1,54.87,0,,0,,,,,15.1,,1025,2.1,16,,,0,
516456,"34.74453997,-77.64425002",2006-03-11,27.7,12.1,19.2,27.8,12.1,19.2,11.7,63.68,0,,0,,,,,18,,1022.8,37.3,12.9,,,0,
519126,"35.52361,-81.60932",2005-10-31,21.2,2,11.1,21.2,2,11.1,4.1,67.58,0,,0,,,,,13.5,224.7,1024.8,0,15.8,,,0,
519564,"35.30983,-81.18763",2005-10-01,27.3,16.4,21,27.4,16.4,21.1,13,61.22,0,,0,,,,,10.7,182.3,1023.8,56.6,15.9,,,0,
519888,"35.6952,-82.94711",2005-02-23,18.8,3,10.3,18.8,1.7,9.7,1.7,60.66,0.08,,4.17,,,,,11.7,260.5,1018.1,0.3,15.9,,,0,
522047,"35.32763,-78.20804",2005-03-07,22.3,4.7,14.2,22.3,2.7,13.5,0.7,43.43,0,,0,,,,,28.7,211,,1.5,16,,,0,
526654,"34.49844,-77.9035",2007-03-11,22.2,5.8,12.8,22.2,5.8,12.8,8,75.84,0.07,,4.35,,,,,18.1,,1023.3,54.3,9.4,,,0,
527246,"34.76727,-79.12444",2007-08-17,35.3,25.3,29.8,39.6,25.3,32.5,22.4,66.36,0,,0,,,,,18.6,,1015.1,22.2,12.9,,,0,
528712,"35.34785,-78.08745",2007-09-04,33.3,16.5,24.7,33,16.5,24.7,16.4,64.51,0,,0,,,,,11.1,,1016.1,13,15.9,,,0,
531514,"35.37145,-82.49652",2008-05-06,24,6.1,15.6,24,5.8,15.3,2.9,47.04,0,,0,,,,,20.3,212.4,1017.9,4,15.8,,,0,
534263,"36.06445,-80.06838",2009-03-22,17.9,0.8,9.6,17.9,0.8,9.5,-2.8,45.97,0,,0,,,,,14.3,197.1,1028.4,0,16,,,0,
535462,"35.65024,-77.33219",2009-02-12,20.2,12.2,16.8,20.2,12.2,16.8,-0.5,38.44,0,,0,,,,63,36.7,255.8,1011.9,7.1,16,,,0,
538393,"40.12945002,-74.24191999",2006-02-08,2.1,-2.9,-0.6,-0.7,-6.7,-3.8,-8.4,56.58,0,,0,,,,,18.9,,1016.5,77.8,14.6,,,0,
538580,"40.24082997,-74.06289999",2006-04-01,22.9,12.2,16.8,22.9,12.2,16.8,8.3,58.05,1.09,,8.33,,,,70.2,38.4,,1009.8,44.1,15.9,,,0,
540677,"39.61416999,-74.50949999",2004-05-17,23.7,18,20.2,23.7,18,20.2,16.9,82.01,1.68,,25,,,,,19.9,101.9,1027.3,64.4,13,,,0,
545457,"40.2375,-74.47083",2003-07-07,33.2,22.9,27.9,36,22.9,29.2,21.1,67.72,0.96,,16.67,,,,,17.5,246.4,1012.8,74.7,13.2,,,0,
546429,"39.97917,-74.1375",1992-05-21,30,3.5,18.3,28.1,3.5,17.7,1.2,38.25,0,,0,,,,,11.6,230.4,1028,3.3,15.6,,,0,
546465,"39.67917,-74.34167",1992-06-08,31.2,21,25.7,34.3,21,26.8,20.6,74.59,26.99,,16.67,,,,,17.3,231,1013.7,86.7,9.2,,,0,
548439,"39.50834,-74.425",1994-04-24,24.4,6.3,15.7,24.4,3.6,14.8,3.1,49.68,0,,0,,,,,34.2,211.6,1012.6,36.8,20.2,,,0,
555212,"39.98333,-74.54166",1999-04-27,18,4.5,12.4,18,2.3,11.9,-1.2,40.26,0,,0,,,,,24.1,108.2,1016.3,42.9,11.7,,,0,
558040,"39.9517,-74.3617",2008-10-09,25,15.1,18.9,25,15.1,18.9,15.9,84.37,4.37,,20.83,,,,,19.9,237.3,1014.7,60.1,14.3,,,0,
558804,"33.29333002,-103.42829998",2000-01-17,25.1,3.1,13.2,25.1,3.1,13.1,-0.7,40.54,0,,0,,,,,18.4,206,,30.8,21.1,,,0,
560283,"36.63400002,-107.7039",2002-09-28,19.4,9.4,13,19.4,8.4,12.9,7,68.83,2.4,,22.73,,,,,28,106.9,1014.6,42.6,15.6,,,0,
561492,"34.03087998,-106.8924",2005-07-15,36.9,21.2,28.9,36.9,21.2,28.9,,,0,,0,,,,,19.1,,,0,,,,0,
563505,"40.73667,-80.80817",2009-03-14,10.3,-4.3,3,10.3,-4.3,2.3,-8.3,47.92,0,,0,,,,,11.2,69.8,1024.7,49.2,15.9,,,0,
567767,"36.12128631,-95.03608665",2006-01-17,6.7,-4.5,2.1,2.7,-7.7,-2,-7.9,49.35,0,,0,,,,,31.8,,1013,47.9,16,,,0,
571448,"40.51417,-75.49333",2008-04-18,28.3,5.7,17.8,26.9,5.7,17.6,2.8,42.53,0,,0,,,,,16.3,212.7,1015.4,0,15.7,,,0,
573005,"34.53010999,-79.40370999",2005-11-07,25.4,11.5,17.8,25.4,11.5,17.8,11.8,72.36,0,,0,,,,,13,116,1022.4,10.3,10.8,,,0,
577072,"33.18505998,-80.17359999",2007-01-15,24.8,11.9,17.6,24.8,11.9,17.6,12.9,76.95,0,,0,,,,,22.7,,1021.5,19.8,13,,,0,
578644,"34.25,-79.63333",2007-08-17,36.2,25.1,29.1,41.4,25.1,31.3,22.6,70,1.23,,4.17,,,,,26,,1015.4,12.3,10.7,,,0,
585719,"33.86666002,-79.03332999",2004-04-28,19,8,14.9,19,7.1,14.8,5,53.27,0,,0,,,,,16.6,119.3,1023.7,0,15.9,,,0,
588164,"34.69901,-81.65713",2009-06-02,31.7,17.8,24.9,32.1,17.8,25.3,18.1,68.99,0,,0,,,,,10.9,162.4,1017.2,5,15.1,,,0,
589689,"33.79360998,-79.45778001",2005-04-25,18.7,5.4,12.7,18.7,3.6,12,0.7,45.88,0,,0,,,,,23.2,245.8,1010.5,1.2,16,,,0,
591334,"44.07494999,-103.2414",2003-10-04,23.5,5.8,14.1,23.5,3.5,13.1,-3.1,33.45,0,,0,,,,,17.7,240.8,1015.2,0,17.5,,,0,
598279,"30.01458001,-94.86875",2000-08-20,36.2,21.9,28.5,39.3,21.9,30.6,21.5,69.25,0,,0,,,,,24.1,179.3,1017,29,13.9,,,0,
606613,"33.12708,-94.60625",1994-03-05,26.2,8.9,18.1,26.2,8.9,18.2,10.5,64.11,0,,0,,,,,23.8,124,,38.3,24.7,,,0,
613645,"32.33125,-95.15208",1999-10-07,26.1,8.8,17.5,26.1,8.8,17.5,12,71.75,1.29,,13.64,,,5,,16.6,111,1013.4,51,14.4,,,0,
615607,"31.77083,-95.37388999",2005-09-22,37.6,23.1,30.4,37.3,23.1,30.5,16.6,46.69,0.48,,8.33,,,,,15,104.3,1011.4,15.2,14.8,,,0,
616502,"31.23333001,-95.15334",2005-12-26,24.5,1.8,13,24.5,1.8,13,3.5,58.05,0,,0,,,,,23.1,168,1016.8,0,16,,,0,
619040,"31.13755997,-95.33170001",2006-05-22,31.9,21.9,26.4,32.4,21.9,26.8,19.5,68.41,0,,0,,,,,16.7,,1014.9,46.3,14.6,,,0,
620655,"32.59506,-96.26128002",2005-04-09,27.2,15.1,20.9,26.8,15.1,20.9,11.2,56.28,0,,0,,,,57.2,38.9,155,1006.3,24.2,16,,,0,
621929,"30.42499001,-98.86888999",2005-10-29,22.3,11,16,22.3,11,16,7.2,57.93,0,,0,,,,,18.8,154.2,,60,16,,,0,
623457,"30.77518999,-97.83476001",2005-01-22,17.9,5.8,13.4,17.9,1.5,12.8,3.3,56.02,0,,0,,,,66.6,33,67.5,1021.1,21,15.7,,,0,
624223,"34.19753001,-99.62987997",2006-01-01,22.4,9.7,16,22.4,7.3,15.7,-3.6,29.13,0,,0,,,,,61.6,,997.8,8.2,13.1,,,0,
625101,"32.99208,-94.71885",2006-02-02,21.9,10.8,15.6,21.9,10.8,15.6,11,77.16,3.2,,20.83,,,,,17.3,,1002.1,45.5,11.7,,,0,
625338,"30.68615999,-94.41959001",2006-02-06,17.1,7.9,14,17.1,6.2,13.9,4.3,55.51,0,,0,,,,,25.6,,1017.9,24.6,15.5,,,0,
625519,"30.00570001,-97.73298999",2006-02-12,19.4,-3.2,7.2,19.4,-7.5,5.3,-10.3,33.69,0,,0,,,,,30.3,,1029.4,0,16,,,0,
625638,"32.75481,-98.16270001",2006-01-04,17.2,8.2,14,17.2,6.4,13.7,-1.4,35.26,0,,0,,,,,23.4,,1018.8,0.9,15.9,,,0,
635690,"32.05755001,-97.79007997",2006-12-26,11.9,-1.6,4.4,11.9,-3.9,3.5,-4.1,56.69,0,,0,,,,,10.5,,,0,16,,,0,
642789,"32.19331,-94.40282",2008-02-20,20.9,9.3,15,20.9,7.6,14.9,8.3,65.3,1.6,,16.67,,,,,16.1,155.1,1017.4,93.5,15.8,,,0,
646843,"32.17698,-101.6592",2008-05-23,37.1,20.6,29.8,34.2,20.6,28.4,3.8,26.68,0,,0,,,,64.8,42.2,176.6,996.4,0,16,,,0,
649780,"31.49946,-99.2719",2008-08-07,35.1,22.1,28.3,35.3,22.1,28.5,18.3,59.7,0,,0,,,,,22.3,158.3,,16.3,16,,,0,
656762,"32.03146,-96.38297",2008-12-06,16.6,-2.8,6.3,16.6,-5,5.4,-5.8,46.16,0,,0,,,,,16.6,175.6,1022.3,6.2,15.8,,,0,
658606,"31.7196,-98.11873",2008-02-27,19.6,-1.7,8.7,19.6,-1.7,8.5,-6.5,38.72,0,,0,,,,,21.2,218.7,1025.8,0,16,,,0,
662949,"37.20667,-82.10667",2007-03-23,22.8,11.2,16.9,22.8,11.2,16.9,7.9,57.23,0,,0,,,,,18.8,,,20.5,16,,,0,
664032,"36.56889,-76.74583",2007-12-08,17.6,6.1,10.3,17.6,5.2,9.7,4.4,67.75,0,,0,,,,,11.3,,1026,33.1,15.8,,,0,
664230,"37.65139,-78.96083",2008-02-10,12.3,-3,6.6,12.3,-8.2,4,-11.1,27.55,0,,0,,,,72.2,36.5,262.3,1013.4,12.5,16,,,0,
666420,"37.55550001,-76.58999997",2005-05-03,16.8,8.2,12.6,16.8,7.5,12.5,2,50.62,0,,0,,,,,12.9,205,1019.9,42.4,13.8,,,0,
667846,"48.66336,-119.1958",2007-06-12,22.5,7.2,15.7,22.5,4.8,15.4,1.7,41.98,0,,0,,,,,15.1,,1018.5,14.2,16,,,0,
668571,"48.37545,-120.02169998",2005-07-01,29,15.1,22.2,27.4,15.1,22,4.2,33.57,0,,0,,,,,31.5,263.8,1010.3,0,16,,,0,
670968,"45.22968,-89.37427",2007-04-16,17.2,-2.7,7.3,17.2,-2.7,7.1,-4.7,48.44,0,,0,,,,,14.8,,1017.9,0.1,16,,,0,
672872,"44.00643997,-90.00677002",2003-04-14,30.7,12.4,21.8,29.2,12.4,21.4,5.5,35.54,0,,0,,,,,29.8,197.3,1011.1,21.3,14.7,,,0,
674448,"43.54354,-89.24457",2008-09-01,31.4,16.8,24.1,31.9,16.8,24.2,16.5,65.83,0,,0,,,,,22.3,162.3,1018.2,10.5,15.6,,,0,
674820,"44.04399755,-89.23961342",2004-09-30,21.1,3.2,12.6,21.1,3,12.4,4.3,61.31,0,,0,,,,,21.8,192.9,1017.7,18.2,15.7,,,0,
675853,"43.3656782,-89.45339907",2005-04-08,18.9,2.5,11.6,18.9,2.5,11.5,-0.3,50.19,0,,0,,,,,17.8,141.9,1018,0.1,15.7,,,0,
676128,"44.8297667,-88.4963897",2005-04-23,7.4,0.1,3.3,3.7,-5.9,-1.7,-8.1,44.27,0,,0,,,,59.4,38.6,178.8,1015.1,91.9,15.7,,,0,
680235,"31.89859236,-109.64925776",1994-03-09,18.9,-1.6,8.9,18.9,-2.4,8.1,-3.5,47.06,0,,0,,,,,16,157.9,1017.1,3,65.1,,,0,
682615,"38.15136,-102.71247",1995-11-07,11.2,1.2,6.5,11.2,-3.2,3.9,-6.8,39.09,0,,0,,,,,31.3,103.1,1022.5,51.3,51,,,0,
683104,"37.24732,-108.65465",1995-08-30,32.2,10.6,20.8,30.2,10.6,20.6,9.1,52.02,0,,0,,,,,23.8,120.9,,6,48.7,,,0,
691841,"30.40716963,-89.24134774",1993-04-10,23,8.9,16.7,23,8.9,16.7,10.1,68.35,0,,0,,,,,26,237,1015.1,0.8,17.1,,,0,
694926,"31.57768672,-90.07066474",1994-08-26,31.4,20.7,25.6,32,20.7,25.9,19,70.06,0,,0,,,,,11.7,101.6,1019.3,23,11.1,,,0,
695375,"31.82105508,-89.39588999",1995-01-30,10.6,1.7,5.3,10.6,-0.9,2.9,-1.8,62.56,0,,0,,,,,20.2,323.8,,30,16,,,0,
695596,"31.23103694,-91.04114982",1996-02-17,14.3,-5.6,4.3,14.3,-7.4,3.5,-4.7,55.89,0,,0,,,,,20.6,190,1020.4,0.9,14.2,,,0,
706197,"32.99441004,-90.09022756",1996-02-18,17.1,-1,8.8,17.1,-1,8.5,-1.1,53.34,0,,0,,,,,13,143.6,1012.6,36.2,12.5,,,0,
708060,"34.19845935,-89.78117304",1996-02-25,0,0,,0,0,,,,,,0,,,,,,,,,,,,,
715356,"42.13984,-122.32419",2002-04-08,20.7,1.1,11,20.7,1.1,11,3.5,63.68,0,,0,,,,,27.2,167.2,1014.6,24.9,15.5,,,0,
715356,"42.13984,-122.32419",2002-04-09,13.4,9.3,11,13.4,7.2,10.6,6.1,71.95,3,,37.5,,,,,24.3,206.8,1015.6,86.6,15.1,,,0,
715356,"42.13984,-122.32419",2002-04-10,16.5,4.5,10.7,16.5,4.5,10.4,4.6,69.15,1.54,,4.17,,,,,17.9,229.8,1021.3,60.9,15.9,,,0,
715356,"42.13984,-122.32419",2002-04-11,17.3,7.8,12.1,17.3,6.5,11.8,6.6,70.62,0.45,,8.33,,,,,28.3,208,1019.3,65.5,15.7,,,0,
717128,"46.70829,-113.51437",1994-03-16,17.2,-2.8,6.1,17.2,-2.8,4.6,-2.7,58.18,4.64,,4.17,,,,,37.1,235.2,1007.3,78.3,32.5,,,0,
717128,"46.70829,-113.51437",1994-03-17,6.8,0,4.2,5.3,-3.1,1.4,-1.7,65.79,6.22,,12.5,,,,,32.7,216.9,1011.2,92,24.8,,,0,
730079,"33.84166667,-80.37083333",1996-04-13,25.6,10.8,19,25.6,10.8,19.1,10.7,59.21,0,,0,,,,,29.1,209.9,1012.3,60.6,19.1,,,0,
730095,"33.94166667,-80.49166667",1996-06-04,29.3,17.2,22.6,29.7,17.2,22.7,16.1,69.24,2.59,,12.5,,,,,23.7,191.3,1017.2,76,18.8,,,0,
732233,"33.99166667,-81.19166667",1995-01-21,12.8,1.2,6.7,12.8,-2.6,3.7,-3.9,49.24,0,,0,,,,,33.4,260.6,1010.1,6.5,20.7,,,0,
733886,"35.09166667,-81.44166667",1995-03-20,21.8,5.8,14.3,21.8,4.5,14.1,4.5,54.29,0,,0,,,,,26.9,182.3,1014,65.7,27.8,,,0,
734647,"33.84583333,-78.94166667",1994-02-27,8,-2,2.7,5.4,-7,-1.2,-9.1,43.2,0,,0,,,,,27.7,200.9,,0,16.7,,,0,
742914,"34.8125,-80.44166667",1993-02-19,5.1,-6.1,-0.8,3.9,-11,-4,-14.8,34.43,0,,0,,,,,18.7,193.3,1024.5,45.4,24.3,,,0,
748521,"44.88544,-123.3903",2002-10-02,16.7,2.6,9.6,16.7,2.6,9.6,5.3,76.27,0.3,,4.17,,,,,12.6,131,1025.3,11.7,13,,,0,
751093,"44.45386,-98.19871",1999-02-17,1.7,-12.1,-5.2,-2.2,-15,-8.3,-9.1,76.28,0,,0,,,,,18.7,142.2,1016.2,38.8,16,,,0,
755338,"37.0615,-113.09757",1996-07-14,34.1,25,30,31.7,25,28.8,8.9,27.78,0,,0,,,,,25.9,132.3,1010.7,5.4,31.5,,,0,
757189,"40.7769,-111.27416",2001-08-29,31.2,17.6,24.2,29.2,17.6,23.6,4.2,28.32,0,,0,,,,,19.7,159.3,1005.8,31.7,15.2,,,0,
757189,"40.7769,-111.27416",2001-08-30,28.4,18.5,22.3,27.2,18.5,22.2,7.6,39.45,0,,0,,,,,19.2,136.3,1008.5,55.5,15.2,,,0,
757189,"40.7769,-111.27416",2001-08-31,30.5,16.4,22,28.7,16.4,21.7,7.8,42.38,0,,0,,,,,17.5,156.2,1010,43,15.3,,,0,
757189,"40.7769,-111.27416",2001-09-01,31.2,16.1,22.9,29.3,16.1,22.4,5.6,34.88,0,,0,,,,,21,177.9,1009.8,26.6,14.9,,,0,
757189,"40.7769,-111.27416",2001-09-02,30.1,16.5,23.2,28.3,16.5,22.7,4.3,31.23,0,,0,,,,,23.6,184.7,1010.5,26.9,15,,,0,
757189,"40.7769,-111.27416",2001-09-03,30.4,16.6,23.6,28.5,16.6,23,3.6,29.14,0,,0,,,,,18.1,181.1,1011.3,19,15.3,,,0,
757189,"40.7769,-111.27416",2001-09-04,31.6,17.1,23.8,29.6,17.1,23.3,5.3,31.37,0,,0,,,,,24.1,188.5,1010,32.8,14.9,,,0,
757189,"40.7769,-111.27416",2001-09-05,29.1,17.6,23.1,27.6,17.6,22.8,7,37.06,0.4,,12.5,,,,,37.4,183,1005.6,55.2,15.2,,,0,
764683,"47.10715,-123.00867",2000-07-19,24.4,12.8,17.8,24.4,12.8,17.8,11.9,70.45,0,,0,,,,,16.2,246.1,1022.6,45,16,,,0,
766776,"32.36542942,-111.41035805",1993-05-04,32,14.5,24.4,29.8,14.5,23.6,0.3,21.18,0,,0,,,,,35.8,185.4,1003.7,33.4,47.7,,,0,
767072,"46.98993,-123.54076",1999-09-13,31.9,5.1,17.3,29.7,5.1,17,7.2,59.17,0,,0,,,,,18.8,165.7,1016.7,7.3,17.5,,,0,
771733,"45.16433,-122.5255",2006-08-21,24.5,11.4,17.5,24.5,11.4,17.5,11.1,68.11,0,,0,,,,,11.8,,1015.8,0.8,16,,,0,
772798,"42.60433,-121.68633",2006-06-08,21.7,7.2,14.3,21.7,6.6,14.3,4.3,55.55,0,,0,,,,,25.9,,1014,48.3,16,,,0,
773482,"44.68194961,-104.48339861",1996-06-04,0,0,,0,0,,,,,,0,,,,,,,,,,,,,
778849,"35.10929907,-94.45970142",1996-02-29,3.9,-3.3,0.3,2.2,-8.5,-3.4,-10,46.51,0,,0,,,,,20.2,207.4,1028.6,36.7,16,,,0,
783550,"34.04930122,-94.85119623",1993-07-26,0,0,,0,0,,,,,,0,,,,,,,,,,,,,
787400,"37.5910784,-91.69161492",1995-04-14,24.2,6.7,18.5,24.2,4.5,18.3,3.5,39.08,0,,0,,,,,25.2,149.1,1013.7,95.1,14.4,,,0,
797207,"43.14183202,-90.03734038",1996-04-24,22,3.8,12.8,22,3.8,12.4,2,51.14,0,,0,,,,,25.9,167.7,1010.9,52.5,14.7,,,0,
805430,"38.3242,-84.7461",2001-02-04,8.2,-0.9,3.4,4.9,-3.3,0.7,-6.3,51.66,0,,0,,,,,23.1,199.7,1019,54.1,15.9,,,0,
809311,"31.3472,-90.0175",2003-11-13,19.9,7.3,16,19.9,6.3,15.9,0.8,39.85,0,,0,,,,,27.1,72,1026.5,30.5,15.8,,,0,
809913,"32.6444,-89.4958",2004-10-07,25.3,18.2,21.6,25.3,18.2,21.6,17.5,78.24,1.54,,16.67,,,,,15.5,118.1,1023,3.3,13.3,,,0,
814333,"31.4331,-89.6394",2005-10-11,29.4,13,20.4,28.3,13,20.2,12.3,64.1,0,,0,,,,,13.6,231.9,1014,0,15.6,,,0,
815792,"31.8869,-90.0211",2006-02-28,23.1,6,14.8,23.1,4.8,14.4,7.3,63.3,0,,0,,,,,22.5,,1018.4,17.4,15.6,,,0,
817331,"34.7422,-89.7772",2006-03-18,14.9,6.7,10.6,14.9,3.4,9.4,0.9,52.87,0,,0,,,,,19.1,,1024,65.9,15.9,,,0,
828602,"30.4122,-88.4647",2000-03-17,25.8,12.5,18.6,25.8,12.5,18.6,14.2,78.28,0.28,,4.17,,,,,21.4,87.1,1018.4,20.7,14.2,,,0,
831778,"34.9492,-88.3344",2001-03-16,13.9,5.7,9.4,13.9,2.1,7.4,4.4,70.95,0,,0,,,,,35.3,270.9,1011.6,75.9,16,,,0,
835187,"31.2975,-88.4753",2002-09-05,34.2,22.5,27.7,38,22.5,29.4,22,74.42,0,,0,,,,,14.8,173.2,1014.1,9.5,12.9,,,0,
843038,"32.6742,-85.8256",1999-12-30,18.4,1.5,9.9,18.4,1.5,9.8,3.3,65.98,0,,0,,,,,14.1,178.3,1018,7.2,15.2,,,0,
846415,"30.8881,-88.0986",1999-08-19,33.5,25.1,28.3,45.1,25.1,32.8,25.3,84.36,41.4,,8.33,,,,,16.7,206.6,1013.4,7.3,11.9,,,0,
852262,"31.2681,-88.0486",2000-11-04,27.1,15.1,21.2,27.7,15.1,21.3,17.5,81.49,0.41,,8.33,,,,,19.5,204.9,1017.2,28.8,9.5,,,0,
858302,"31.0053,-87.2003",2002-02-23,17,2.2,9,17,-1.7,7.2,-2.6,48.04,0,,0,,,,,24,302.6,1018,10.2,14.3,,,0,
863384,"34.5319,-91.1428",2000-08-27,38.1,23.1,30.5,39.9,23.1,31.7,19.4,55.34,0,,0,,,,,25.9,200,,0,14.5,,,0,
870523,"33.435,-82.2967",1998-07-23,33.8,23.6,27.3,37.5,23.6,29,22.3,76.21,9.9,,12.5,,,,,20.5,206.6,1017,37.2,14.2,,,0,
870973,"32.4589,-84.6436",1998-03-29,29.3,12,20.5,28.3,12,20.4,12.5,65.27,0,,0,,,,,13,197.7,1018.6,9,13.4,,,0,
871454,"31.3958,-83.7953",1998-09-14,32.1,20.1,25.3,33.3,20.1,26,19.7,73.92,0,,0,,,,,19.3,102.1,1016,17.6,10.5,,,0,
872821,"31.8583,-82.8806",1998-12-23,14.1,10.1,12.3,14.1,10.1,12.3,7.4,72.32,0,,0,,,,,11.2,27.3,1026,100,10.8,,,0,
875572,"34.4469,-83.8258",1999-04-09,27,19.1,22.1,27.2,19.1,22.1,15.2,66.86,0,,0,,,,,32.3,235.3,1007.1,46.7,13.6,,,0,
877597,"33.0756,-83.9333",1999-08-31,29.1,18.6,23.4,28.3,18.6,23.3,13,54.13,0,,0,,,,,19.4,106.2,1018.9,20.1,15.8,,,0,
879744,"30.9328,-83.5172",1999-11-11,26.6,11,18.3,26.6,11,18.3,12.5,73.52,0,,0,,,,,11.2,196.2,1020.1,26.4,11.3,,,0,
881705,"32.7322,-81.565",1999-04-05,30,14.8,22,29.1,14.8,21.9,14.7,66.92,0,,0,,,,,20.9,219.9,1016.5,11.1,15,,,0,
885877,"32.7364,-92.5444",1997-03-16,15.6,2.1,8.7,15.6,-0.7,7.7,0.3,58.9,0,,0,,,,,18.4,84.6,1028,67.5,13.4,,,0,
886191,"30.7383,-93.0553",1997-01-05,21.1,12.5,16.9,21.1,12.5,16.9,7.1,55.51,0,,0,,,,,16.2,126.1,1013.5,69.4,11.5,,,0,
887049,"30.9731,-92.7442",1998-06-16,37.1,23.1,29.5,42.2,23.1,32.3,22.8,70.5,0,,0,,,,,22.3,189.5,1010,50.3,12.2,,,0,
891018,"30.5106,-90.8808",1999-03-21,20.7,8.4,14.1,20.7,7.8,14,6,61.12,0,,0,,,,,18.7,295,1019.6,1.2,16,,,0,
892779,"30.9583,-92.7814",2000-09-01,41.3,23.1,30.2,42.4,23.1,31.8,19.7,56.66,2.11,,4.17,,,,,24.9,223.7,1011.4,40.9,12.1,,,0,
897268,"30.3217,-93.6478",2002-03-23,18.1,4.2,11.2,18.1,2,10.4,4.5,65.26,0,,0,,,,,17.1,124.3,1024,6.2,16,,,0,
897978,"33.8447,-94.7483",2000-02-22,22.1,12,17.2,22.1,12,17.2,9.3,60.58,0,,0,,,,,48.2,164.2,,70,15.6,,,0,
900999,"35.7039,-95.0117",1997-04-14,17.1,-0.9,8.5,17.1,-2.8,8,0.6,63.36,0,,0,,,,,16.6,178,1023.6,0,14.3,,,0,
901084,"35.6314,-94.8342",1997-11-26,18,6.6,13.6,18,5.8,13.4,7.6,69.18,0,,0,,,,,21.4,164.1,1017.4,37.6,15.4,,,0,
905582,"33.5133,-81.8103",1997-08-05,32.7,22.3,27.2,35.4,22.3,28.5,21.3,72.29,1.73,,4.17,,,,,25.6,176.1,1010.8,13.4,10.2,,,0,
907027,"34.3667,-82.8",1998-02-28,21.1,10.7,15.2,21.1,10.7,15.3,7,63.51,0.5,,4.17,,,,,28.6,229.2,1008.9,34.4,11.9,,,0,
908134,"33.8,-79.05",1998-12-11,16,6.1,10.3,16,4.5,9.8,1.8,57.23,0,,0,,,,,27.3,97.6,,82.5,15,,,0,
908515,"33.9833,-79.1",1998-07-01,34.1,26.1,30.1,36,26.1,33.2,21.9,62.68,0,,0,,,,,22.3,205.2,,61,13.2,,,0,
911637,"34.5833,-79.7167",1999-06-09,35.7,21.1,28,37.3,21.1,28.8,19.4,63.07,0,,0,,,,,14.4,213.8,1016,17.2,13.2,,,0,
911934,"34.7167,-80.0",1999-02-10,22.1,5.1,14.4,22.1,4.6,14.4,0.2,46.16,0,,0,,,,,16.6,125.2,1023.1,14.2,12.5,,,0,
918956,"33.2472,-81.3122",2000-03-10,27.1,15.8,20.1,27.7,15.8,20.1,15.8,77.65,23.03,,20.83,,,,,20.5,199.2,1017.4,68.4,13.2,,,0,
919172,"32.6747,-80.3272",2000-11-02,23.6,9.6,16.4,23.6,9.6,16.4,11.4,74.1,0,,0,,,,,11.5,202.9,1020.7,20.5,10.8,,,0,
927963,"33.8906,-79.6619",2002-07-04,35.1,22.2,27.4,35.1,22.2,27.7,18.7,61.86,0,,0,,,,,14.8,266.9,1014.8,6.5,10.3,,,0,
932599,"35.3183,-85.5667",2001-03-28,13.9,-2.1,7.3,13.9,-2.5,6.8,-4.1,48.27,0,,0,,,,,24.1,148.9,1022.2,28.8,16,,,0,
933140,"35.3017,-85.82",2001-11-01,23.9,6.7,14.9,23.9,6.7,15,9.5,72.02,0,,0,,,,,18.7,208,1024.7,46.3,16,,,0,
933712,"35.5883,-87.1583",2001-03-08,14.9,-1.6,7.1,14.9,-4.7,5.7,-2.3,54.17,0,,0,,,,,24.1,255,1016.9,16,18,,,0,
942767,"35.375,-85.99",2000-03-05,0,0,,0,0,,,,,,0,,,,,,,,,,,,,
944286,"37.47,-76.9233",2002-03-01,9,-5.3,2.2,9,-6.8,0.4,-9.2,45.22,0,,0,,,,,14.8,215.9,1032.1,14.4,16,,,0,
951438,"43.13606,-124.29594",2004-07-04,16.2,11.5,13.9,16.2,11.5,13.9,10.4,80.1,0,,0,,,,,34.1,35.8,1019.9,2.8,16,,,0,
960257,"27.5,-81.05",1999-05-16,26.5,17.1,22.4,26.5,17.1,22.4,17.2,73.85,0,,0,,,,,27.7,112.5,1018.1,26.2,18.7,,,0,
966423,"29.06,-82.05",1995-12-11,15.4,-6,3.7,15.4,-8.7,2.5,-6.8,49.66,0,,0,,,,,13.2,118.9,1029.7,0.1,15.9,,,0,
966815,"30.4,-83.44",1996-01-30,24.7,12.7,18.2,24.7,12.7,18.2,13.8,77.5,0,,0,,,,,17.2,209.6,1017.9,80.3,11.9,,,0,
967058,"30.41,-83.65",1996-02-14,22,1.6,11.9,22,-0.1,11.1,1.8,56.2,0.3,,4.17,,,,,25.9,238.2,1015,13.4,13.2,,,0,
967147,"26.27,-81.71",1996-02-18,18,2.3,10.2,18,2.3,10.2,4.3,68.6,0,,0,,,,,14.8,209.9,,7.5,16.3,,,0,
968065,"26.64,-80.99",1996-07-15,0,0,,0,0,,,,,,0,,,,,,,,,,,,,
975606,"30.5339,-87.0831",1995-12-23,6.8,-1.5,2,3.4,-6,-2.1,-2.3,74.46,0,,0,,,,,25.9,337.6,1024.3,19,12.1,,,0,
976090,"26.28,-81.6",1996-03-20,19.2,14.1,16.6,19.2,14.1,16.6,6.1,50.04,0,,0,,,,,39.3,277.4,,43,16.8,,,0,
985003,"30.08,-83.0",2000-10-18,29.4,8.9,18.8,28.5,8.9,18.6,12.5,72.9,0,,0,,,,,13,322,1017.7,0,0,,,0,
986484,"28.12,-82.05",2000-06-09,32.4,21.9,27,32.3,21.9,27,17.1,57.19,0,,0,,,,,22.6,83.1,1019.7,34.6,15.1,,,0,
993206,"30.4394,-85.0747",2002-06-04,34.4,23.2,27.7,38.2,23.2,29.2,22.1,73.89,10.57,,20.83,,,,,20.1,150.6,1014.9,60.5,12.6,,,0,
995138,"26.8367,-81.9644",2001-06-03,33,22,27.1,36.3,22,28.6,21.4,73.26,0,,0,,,,,28.4,165.8,1014.8,15.7,15.3,,,0,
995325,"27.9311,-81.9811",2001-06-05,35,22.1,26.4,37,22.1,27.5,21.2,76.03,6.9,,16.67,,,,,33.3,121,1018.6,78.7,19.9,,,0,
996616,"29.2486,-82.9461",2001-09-06,32.1,22.1,24.8,37.1,22.1,25.7,22.5,88.48,33.84,,25,,,,,20.9,126.7,1017.7,7.9,14.6,,,0,
998895,"34.845,-79.395",1992-11-18,23,2.5,10.8,23,2.5,10.8,2.4,62.68,0,,0,,,,,6,168.7,1023.8,16.5,11.5,,,0,
1005284,"34.645,-78.965",1993-07-15,35.7,22.5,28.9,38.4,22.5,30.6,21.2,66.08,0,,0,,,,,16.9,214,1016.4,46.7,10.8,,,0,
1008588,"35.6783,-75.8917",1994-04-14,26.2,17.2,20.9,26.2,17.2,21,14.7,71.37,0,,0,,,,,29.5,226.6,1015.7,28.8,12,,,0,
1015770,"35.8517,-80.465",1995-02-22,12.2,-2.8,4.7,12.2,-5.4,2.7,-7.6,43.67,0,,0,,,,,18.7,266,1020.7,27.5,26.2,,,0,
1022777,"34.625,-78.3917",1997-06-14,29.9,21.9,25.3,32.3,21.9,25.9,20.6,75.86,20.35,,12.5,,,,,15.8,237.5,1008.4,50.2,12.8,,,0,
1028407,"35.3117,-78.925",1998-12-07,26.1,16.1,20.6,26.1,16.1,20.6,15.3,72.76,0,,0,,,,,31.2,213.8,1018.8,22.2,11,,,0,
1031964,"35.3817,-77.8617",1999-03-19,20.1,8.1,14.7,20.1,8.1,14.8,-1.6,34.25,0,,0,,,,,16.2,148.8,1020.9,39.9,12.2,,,0,
1044423,"36.3167,-80.3333",2001-01-29,15.1,0.7,7.9,15.1,0.7,7.9,-4,45.35,0.78,,4.35,,,,,17.6,194.4,1023,41.5,16,,,0,
1047374,"34.9167,-76.6833",2002-04-30,20.8,12.6,16.6,20.8,12.6,16.6,8.7,61.02,0,,0,,,,,24.3,138.4,1016.2,33.6,11.9,,,0,
1050442,"36.2167,-79.6667",2002-02-18,10.9,-2.7,3.1,10.9,-6.6,1.3,-11,38.22,0,,0,,,,,14.1,222.1,1026.7,6.9,16,,,0,
1052545,"35.4,-81.0333",2002-04-07,16.7,0.7,9.6,16.7,-1.2,8.6,-3.3,40.97,0,,0,,,,,25.9,142.9,1028.4,29.1,16,,,0,
1054301,"35.1,-83.9333",2003-04-03,23.4,12.2,17.5,23.4,12.2,17.6,9.2,58.78,0,,0,,,,,27.7,236.1,1017.7,26.5,16,,,0,
1055511,"35.5833,-79.25",2004-03-11,16.7,-2.9,7.1,16.7,-2.9,6.6,-0.7,64.35,0,,0,,,,,29.5,238.2,1021.4,19.2,14.9,,,0,
1057548,"35.6667,-78.9333",2004-01-02,17.9,6.7,11.3,17.9,5.9,10.5,1.4,51.72,0,,0,,,,,20.5,219.6,1023.7,81.3,16,,,0,
1065202,"34.4168,-94.6169",1994-04-13,0,0,,0,0,,,,,,0,,,,,,,,,,,,,
1065724,"38.653611,-81.232778",2009-03-17,18.2,6.7,11.7,18.2,6.7,11.7,5.6,71.22,0.07,,4.17,,,,,10.7,230.5,1023,51,11,,,0,
1069301,"36.18805555,-120.22",2004-05-10,23.7,12.6,17.8,23.7,12.6,17.8,3.7,41.48,0,,0,,,,,35.6,330.4,1013.3,9.5,13.2,,,0,
1075471,"37.32388888,-120.87805555",2004-04-27,35.6,11.7,23.4,34.1,11.7,22.8,9.2,46.76,0,,0,,,,,18,288,1015,0,15.6,,,0,
1081623,"37.41111111,-120.65805555",1996-06-01,34.5,14.4,24.6,33,14.4,24.1,11.6,48.46,0,,0,,,,,22,288.2,,23.4,33,,,0,
1093304,"40.11388888,-123.835",2006-08-14,15.1,11.1,12.7,15.1,11.1,12.8,10.7,88.06,0,,0,,,,,7.6,,1014.2,100,24,,,0,
1096367,"39.005,-122.65805555",1996-07-14,28.1,18.1,23.1,27.4,18.1,22.8,11.1,49.19,0,,0,,,,,18.4,360,1011.5,0,28,,,0,
1106518,"38.65,-122.88111111",2007-07-08,27.8,11.7,17.6,27.4,11.7,17.6,10.9,67.87,0,,0,,,,,23.3,,1010.1,10.4,11.3,,,0,
1110974,"39.35805555,-121.54888888",2001-07-25,35.8,17.6,26.3,36.6,17.6,26.5,15.6,53.91,0,,0,,,,,23.5,180.5,1008.4,2.2,19.1,,,0,
1116378,"39.15305555,-120.95611111",1992-05-03,34.8,13.1,24.7,32.6,13.1,24,8.6,40.78,0,,0,,,,,7.7,253.7,1014.6,13,39,,,0,
1119797,"40.51305555,-122.19111111",1999-07-08,37.8,23.9,30.3,35.3,23.9,29,3.6,18.99,0,,0,,,,,23.9,239.4,1012.4,2,16,,,0,
1120132,"40.42611111,-122.28194444",1993-06-28,31.2,14.7,24.6,29.1,14.7,24,5.2,30.78,18,,4.17,,,,,21.9,227.9,1008,0,81.5,,,0,
1124544,"40.20805555,-122.49111111",1996-07-23,33,19.1,27.5,31.8,19.1,27.1,13.6,44.45,0,,0,,,,,15.3,202,1014.5,24.2,16,,,0,
1127823,"34.41888888,-117.49388888",1996-07-14,35.9,19.5,27.4,34.6,19.5,27,12.4,41.64,0,,0,,,,,26.6,248.4,1010.5,31.9,11.3,,,0,
1129093,"32.86805555,-116.91888888",2006-06-14,27.5,11.1,19.7,27.1,11.1,19.7,10.7,59.6,0,,0,,,,,22.9,,1014.1,3.4,14.2,,,0,
1132741,"33.75111111,-117.07611111",2001-06-13,25.3,14.7,19.1,25.3,14.7,19.1,12.2,66.7,0,,0,,,,,18.4,241.7,1008.7,45.1,10.1,,,0,
1133052,"33.895,-117.25305555",2002-03-11,28.1,7,17,26.7,6.8,16.8,3.2,46.83,0,,0,,,,,16.6,277.9,1019.1,35.8,44,,,0,
1134316,"33.63388888,-117.35388888",2005-09-28,36.4,11.6,24.1,34,11.6,23.2,6.1,37.94,0,,0,,,,61.2,23.1,191.8,1012,10.1,24.8,,,0,
1142747,"35.60805555,-120.56111111",2000-06-23,25.8,12.1,16.4,25.8,12.1,16.4,12.8,80.05,0,,0,,,,,30.4,252.4,1014,68.5,21.9,,,0,
1146840,"44.84371,-122.37617",1992-03-28,19.4,3.9,11.1,19.4,2.3,10.5,-1.4,44.3,0,,0,,,,,18.6,196.4,1013.8,49.2,59,,,0,
1152489,"34.636358,-87.695996",2007-10-10,28.5,9.9,19.2,27.3,9.9,18.9,8.3,56.24,0,,0,,,,,23.9,,1014.5,0,15.8,,,0,
1160171,"31.037988,-86.386116",2006-02-10,16.3,-2.1,8.3,16.3,-2.1,8.2,3,71.04,0,,0,,,,,22.8,,1020.8,45.9,14.4,,,0,
1160171,"31.037988,-86.386116",2006-02-11,16.7,3.7,10.8,16.7,0.5,9.4,4.3,67.33,34.03,,41.67,,,,46.4,27.9,,1014.8,60.1,13.8,,,0,
1162408,"31.107699,-88.133603",2005-02-21,25.3,15.7,19.5,25.3,15.7,19.5,16.9,86.06,0,,0,,,,,20.8,215.5,1018.8,52,10.4,,,0,
1164134,"33.678372,-85.664781",2006-06-05,27.7,15.1,21.7,27,15.1,21.7,12.5,59.64,0,,0,,,,,20.2,,1012.9,0.3,16,,,0,
1168685,"32.81700422,-89.49187557",1998-06-20,35.7,25.1,29.7,41.3,25.1,32.9,23.3,70.46,0,,0,,,,,18.7,193.8,1013.8,18.4,16,,,0,
1169005,"32.41837148,-89.00705139",1998-03-02,14.2,0.6,7.1,14.2,-0.6,5.8,-3.1,52.67,0,,0,,,,,31.1,277.5,1013.8,14.8,14.1,,,0,
1173190,"34.15858018,-90.02199719",1998-09-05,37.1,18.1,27.2,37.5,18.1,27.9,18.1,61.15,0,,0,,,,,22.3,122,1017.3,1.3,12.9,,,0,
1176705,"34.1933333,-117.468333",2010-01-29,18.2,7.2,11.9,18.2,7.2,11.9,4.6,63.62,0,,0,,,,,13.8,101.2,1016.8,65.7,15.4,,,0,
1178446,"47.21,-114.616944",2010-07-26,32.1,13.2,23.4,29.9,13.2,22.8,5.9,35.06,0,,0,,,,50,37.1,121.7,1009.7,0,16,,,0,
1185061,"33.29583,-81.233223",2010-03-06,14.2,-0.6,5.8,14.2,-3.5,5,-5.8,47.54,0,,0,,,,,15.6,172.6,1022.1,0,16,,,0,
1188653,"42.78471756,-97.53678894",2009-11-07,17.1,7.1,12.1,17.1,4.3,11.6,-1.1,41.37,0,,0,,,,,30.1,201.8,,0,15.6,,,0,
1188799,"40.68519592,-99.01745605",2010-01-24,0.5,-3.9,-2.1,-6.4,-11.5,-8.9,-7.3,67.88,0,,0,,,,64.4,44,299,1003.6,67.6,15.7,,,0,
1191515,"40.5604,-74.8352",2010-03-21,22.4,6,13.7,22.4,6,13.7,4.4,55.58,0,,0,,,,33.5,13.4,164.6,1016.7,6.3,16,,,0,
1192977,"42.65128228,-73.68181376",2010-04-11,16.7,5.5,11.7,16.7,5.4,11.5,-1,42.87,0,,0,,,,55.9,37.1,246,1021.2,53,16,,,0,
1194498,"42.78089559,-73.95432135",2010-08-08,29.8,12.6,21.6,28.8,12.6,21.3,12.2,59.55,0,,0,,,,29.5,17.8,104.5,1015.7,59.1,16,,,0,
1194538,"40.65582353,-73.839051",2010-07-04,36.6,22,29.1,34.7,22,28.4,13,40.56,0,,0,,,,38.9,26.3,254,1015.1,35.9,16,,,0,
1199788,"43.30565,-89.75896",2010-04-16,16.2,8.6,13.2,16.2,6.8,13.1,1.1,47.81,0,,0,,,,46.6,30.8,312.8,1018.4,25.2,16,,,0,
1200724,"44.5516,-90.92342",2010-03-25,3.7,-4.1,0.1,1.1,-9,-4.3,-12.8,39.67,0,,0,,,,37.1,24.1,84.3,1019.6,0.5,16,,,0,
1209269,"37.280975,-76.93135833",2010-04-28,18.4,6.6,12.6,18.4,4.9,12.3,0.7,47.68,0.54,,8.33,,,,43.7,29.4,258.3,1008.7,4.6,16,,,0,
1210673,"35.7197,-94.5633",2010-10-30,23.5,1.3,11,23.5,1.3,10.9,2.4,61.77,0,,0,,,,39.6,23.2,100.1,1017.5,0,15.8,,,0,
1211084,"36.7886,-96.003",2010-02-28,10,-5,2.6,7.5,-5,1.2,-6.5,55.3,0,,0,,,,,18.3,73.4,1019.2,0,15,,,0,
1211084,"36.7886,-96.003",2010-03-01,7.1,1.1,3.7,3.9,-4,0.2,-3.8,58.48,0.5,,4.17,,,,38.9,25.9,102.9,1020.8,9.6,16,,,0,
1211084,"36.7886,-96.003",2010-03-02,10,-3.2,3.3,9.1,-3.2,1,-4.8,57.82,0,,0,,,,37.2,20.5,109.9,1021.2,49.1,16,,,0,
1211936,"45.6733,-100.8083",2010-10-17,12.9,4.1,7.8,12.9,0.5,6.2,-1.2,54.53,0,,0,,,,40.7,33.5,110.8,1020.6,53.9,16,,,0,
1213248,"47.8672,-94.9808",2010-10-23,8.2,2.7,5.3,5.6,-0.7,2.6,2.3,81.32,0,,0,,,,30.3,21.2,62.4,,24,15.5,,,0,
1215949,"33.3642,-116.708",2010-08-26,38,22.1,28.2,37.3,22.1,28,13,41.24,0,,0,,,,,22.3,110,1010.2,10.4,16,,,0,
1222232,"34.417119,-88.268108",2010-09-23,33.7,19.3,26,33.6,19.3,26.1,17,61.45,0,,0,,,,33.5,21.2,91.7,1020.4,3.2,15.1,,,0,
1224215,"30.277831,-89.449671",2009-03-08,24.4,18,20.6,24.4,18,20.6,17.4,83.38,0,,0,,,,,21.3,171.4,1020,37.5,15.2,,,0,
1224771,"32.830763,-89.399747",2009-07-01,35.7,18.7,26.9,35.7,18.7,27,,,0,,0,,,,,,,,0,,,,0,
1229059,"34.78760001,-95.33730001",2009-04-14,20.4,1.1,11.4,20.4,1.1,11.3,4,65.47,0,,0,,,,,14.8,253.4,1016,1.3,14.4,,,0,
1231775,"39.6758,-104.886",2010-05-22,30.1,8.6,22,28.2,6.4,21.5,-4.6,19.63,0,,0,,,,79.6,56.7,186.7,992.7,22.8,33.6,,,0,
1238239,"31.6356,-83.3931",2000-04-21,30.1,17.1,23.1,28.7,17.1,22.9,13.4,60.03,0,,0,,,,,21.3,256.5,1010.6,53.5,11.3,,,0,
1238880,"31.755,-81.6133",2000-06-12,32.7,20.3,26.8,34.7,20.3,28,21,74.31,0,,0,,,,,22.9,139.4,1022,41.6,10.9,,,0,
1242340,"31.4472,-83.9956",2000-03-06,25.1,7.1,13.3,25.1,7.1,13.4,8.5,75.8,0,,0,,,,,14.8,202.5,,7.6,11.4,,,0,
1244776,"30.796,-84.5329",2001-05-16,33.9,13.9,23.9,32.5,13.9,23.8,14.6,61.54,0,,0,,,,,25.9,265.6,1012.6,1.4,15,,,0,
1249391,"32.0295,-82.3774",2001-01-13,16.7,5.7,12.2,16.7,5.7,12.2,7,73.63,0,,0,,,,,7.6,320,1022.1,8.3,14.1,,,0,
1256354,"31.8408,-81.7937",2002-02-04,14.1,5.1,9.7,14.1,2.3,8.4,-3.3,46.19,0,,0,,,,,32.6,299,1020.6,22.3,12.1,,,0,
1258853,"32.5101,-84.4411",2001-10-07,22.6,9.1,14.9,22.6,8,14.7,5.6,57.07,0,,0,,,,,21.8,151.5,1022.2,17,13.9,,,0,
1263742,"43.0462822,-92.317821",2009-04-17,22.2,4.6,14,22.2,2,13.4,2.2,47.09,0,,0,,,,,18,152.8,1025.8,0,16,,,0,
1265042,"38.37972,-85.17262",2009-03-04,10.5,-5.3,2.5,10.5,-5.9,1.9,-11.1,38.71,0,,0,,,,,13,143,1027.9,29.7,16,,,0,
1266456,"36.82257,-83.57954",2007-09-30,28.1,6.5,16.4,26.7,6.5,16.2,5.4,57.48,0,,0,,,,,8.7,,1027.2,0,16,,,0,
1267001,"37.69973,-84.42997",2009-03-22,17.8,1,9.9,17.8,1,9.7,-3.2,42.82,0,,0,,,,,11.9,101.2,1027.9,20.7,16,,,0,
1273840,"44.55305,-84.59851",2001-04-29,21.4,3.4,12.4,21.4,0.9,11.2,-2,38.28,0,,0,,,,,20.5,170.7,1030.6,1.7,16,,,0,
1277888,"42.888837,-71.2804059",1995-03-26,11.2,-0.5,5.7,11.2,-4.7,2.5,-5.4,45.88,0,,0,,,,,36.8,244.2,1013,45.9,44.2,,,0,
1281880,"36.3959,-85.657117",2010-03-08,17.9,2.7,10.6,17.9,1.8,10.3,0.3,50.01,0,,0,,,,35.3,16.6,149.5,1017.6,22.6,16,,,0,
1283865,"37.881398,-112.761797",2009-10-10,19.3,-0.4,9.4,19.3,-2.9,8.2,-7.1,32.44,0,,0,,,,,14.6,212,1011.9,0.3,16,,,0,
1283865,"37.881398,-112.761797",2009-10-11,19.6,2.5,11.1,19.6,-0.4,9.9,-7.1,29.23,0,,0,,,,,36.6,205.6,1006.5,4,16,,,0,
1283865,"37.881398,-112.761797",2009-10-12,17.3,4.5,11.6,17.3,2.6,11.3,-0.8,43.29,0,,0,,,,,26.9,208.6,1006.3,15.7,16,,,0,
1283865,"37.881398,-112.761797",2009-10-13,14.6,7,11.1,14.6,4.1,10.1,1.1,51.5,0.14,,8.33,,,,,33.3,199.4,1007.5,50.7,16,,,0,
1283865,"37.881398,-112.761797",2009-10-14,17.7,8.4,12.6,17.7,7.8,12.5,2.6,51.43,0.11,,8.33,,,,,31.6,210.8,1013.1,41.3,16,,,0,
1285716,"48.5806,-117.1856",2009-07-24,27.5,13.9,20.2,27.3,13.9,20.2,12.5,63.62,0.2,,4.17,,,,33.4,15.4,203,1013.9,0.7,16,,,0,
1285716,"48.5806,-117.1856",2009-07-25,25.5,14,20.1,25.5,14,20.1,13.5,67.17,4.81,,4.17,,,,44.6,16.8,279.3,1015.7,6.8,15.9,,,0,
1285716,"48.5806,-117.1856",2009-07-26,28.7,15.2,21.2,28.5,15.2,21.2,14.5,68.55,0.83,,4.17,,,,39.7,11.7,222,1018.8,6.5,16,,,0,
1285716,"48.5806,-117.1856",2009-07-27,31.1,15.3,23.2,30.2,15.3,23,14.3,61.24,0.15,,4.17,,,,48.2,12.9,216.2,1019.2,0,16,,,0,
1285716,"48.5806,-117.1856",2009-07-28,30.3,17.2,23.3,29.6,17.2,23.1,14.6,60.87,1.47,,12.5,,,,68.4,15.7,155.5,1015.4,10.5,16,,,0,
1285716,"48.5806,-117.1856",2009-07-29,30,16.4,23.1,28.5,16.4,22.7,11.3,51.29,1.54,,12.5,,,,,11.7,200.4,1015.9,3.6,15.9,,,0,
1285716,"48.5806,-117.1856",2009-07-30,32.1,15.3,23.3,30.6,15.3,22.9,10.8,48.16,0,,0,,,,42.5,11.1,136.7,1013.2,1.2,16,,,0,
1285716,"48.5806,-117.1856",2009-07-31,32.8,17.9,24.4,31.5,17.9,24.1,13.3,52.83,2.83,,4.17,,,,45,12.7,179,1013.4,1.2,15.9,,,0,
1285716,"48.5806,-117.1856",2009-08-01,36.5,15.6,26.1,34.7,15.6,25.5,11.9,47.48,0,,0,,,,35.3,15.2,183.5,1011.3,0,15.7,,,0,
1285716,"48.5806,-117.1856",2009-08-02,33.6,16.2,24.6,31.8,16.2,24.1,10.1,42.09,0,,0,,,,,7.5,231.6,1009.1,0,15.7,,,0,
1285716,"48.5806,-117.1856",2009-08-03,34.8,15.7,25,32.9,15.7,24.4,11.1,45.59,0,,0,,,,,14.8,209.6,1009.1,3.3,15.6,,,0,
1285716,"48.5806,-117.1856",2009-08-04,33.1,16.9,24.3,31.1,16.9,23.8,9.4,41.46,0,,0,,,,45.8,18.7,162.8,1010.3,0,15.9,,,0,
1285716,"48.5806,-117.1856",2009-08-05,29.8,18.5,23.1,28.7,18.5,23,11.2,47.9,0.3,,4.17,,,,44.6,15.6,164.4,1010.6,0.4,16,,,0,
1288296,"40.64299315,-73.98730247",2009-04-18,25.3,11.7,18.6,25.3,11.7,18.6,-1.6,26.28,0,,0,,,,,23.3,259.7,1014.8,47.1,16,,,0,
1288299,"40.70374058,-73.9279076",2009-04-19,16.3,8.8,13,16.3,6.5,12.8,2.3,49.19,0,,0,,,,,20.1,76,1017.2,57.6,16,,,0,
1289431,"43.15048528,-78.62261531",2009-05-21,26.1,14.6,20.6,26.1,14.6,20.6,6.3,40.82,0,,0,,,,53.6,33.6,206.8,1020.4,11.6,16,,,0,
1290500,"44.74652832,-75.12843541",2009-04-12,3.5,-3.1,-0.1,-0.1,-8.9,-4.6,-9.9,48.31,0,,0,,,,39.4,23.2,320.9,1023.6,29.1,16,,,0,
1294205,"40.87453155,-73.83377642",2008-06-09,36.1,24.9,30.6,38,24.9,31.5,18.8,51.44,0,,0,,,,,18.9,273.3,1010.2,22.5,15.8,,,0,
1295210,"43.22578374,-77.52588321",2008-04-21,17.1,8.1,11.5,17.1,5,10.7,9,84.73,0,,0,,,,46.4,28.3,88.2,1022.8,7.5,16,,,0,
1301493,"43.26995767,-77.7135193",2007-05-30,30,11,21.1,29.1,11,20.9,10.9,55.65,0,,0,,,,,19.3,,1022,20.1,16,,,0,
1302382,"42.96618252,-77.03971251",2007-09-07,34.1,22.1,27.7,33.9,22.1,27.8,17.5,57.17,0,,0,,,,59.4,31.3,,1016.7,13.1,11.7,,,0,
1303219,"41.22944773,-74.03518947",2007-07-03,25.8,11.3,19,25.8,11.3,19,8.9,54.61,0,,0,,,,,15.3,,1021.9,33.5,16,,,0,
1304972,"43.56983953,-73.38907512",2007-06-21,22.1,10.6,16.6,22.1,10.6,16.6,12,75.52,5.41,,29.17,,,,,17,,1010.6,40.3,15.5,,,0,
1306028,"44.16881985,-109.6030479",2006-11-20,13.7,0,6.9,13.7,-2.8,5.3,-7.2,37.05,0,,0,,,,,17,,1025.3,5.4,16,,,0,
1308303,"43.96203266,-76.0325113",2006-03-31,25,-0.5,15.2,25,-0.5,15,3.4,51.09,2.48,,8.33,,,,50,21.9,,1014.8,17.5,14.9,,,0,
1310073,"43.29349295,-76.47922962",2006-04-20,18.9,3.5,11.8,18.9,3.5,11.4,0.2,50.2,0,,0,,,,,22.4,,1015.2,2.7,16,,,0,
1323935,"38.19293027,-81.19847692",1994-11-04,25.1,9.7,17.4,25.1,9.7,17.3,3.2,40.43,0,,0,,,,,15.3,196.6,1020.1,34.2,23.5,,,0,
1324857,"37.26879019,-81.20234161",1995-04-10,27.1,9.9,18.4,26.7,7.9,18.3,8.5,54.54,0.5,,4.17,,,,,18.4,205.2,1015.7,64.6,19.5,,,0,
1325408,"38.60480163,-81.32317125",1995-03-20,25.7,13.4,17.7,25.7,13.4,17.7,4.9,47.19,5.8,,20.83,,,,,33.5,182.1,1006.6,34.2,14.7,,,0,
1334259,"42.20605037,-77.17866593",2003-04-12,15.9,1.8,8.6,15.9,-0.7,7.9,0.6,60.83,0,,0,,,,,29.1,162.9,1008.4,33.8,15.8,,,0,
1335063,"42.49797899,-76.65323196",2004-07-01,28.6,14.5,21.2,28.3,14.5,21.2,15.1,71.55,0.95,,12.5,,,,,20.2,221.2,1018.9,17.6,13.4,,,0,
1339207,"40.81529034,-73.81928235",2005-11-07,17.6,13,15.2,17.6,13,15.2,2.6,44.02,0,,0,,,,48.2,32.8,270.2,1018.5,34.2,16,,,0,
1339864,"43.15089009,-77.44643977",2005-07-03,28,10.1,19.9,27.8,10.1,19.9,12.6,66.6,0,,0,,,,38.9,21.8,175.8,1018,41.7,16,,,0,
1340126,"40.67846812,-73.43758383",2005-04-16,13,4.1,7.9,13,1.1,6.2,-6.5,37.26,0,,0,,,,,22.6,87.1,1033.5,12.5,15.9,,,0,
1342116,"42.31470515,-76.82530455",2005-05-21,20.7,3.9,12.5,20.7,2.8,12,4.8,65.67,0.11,,8.33,,,,50,24.3,176.2,1014,62.6,13.4,,,0,
1344132,"42.71712643,-73.75530909",2001-05-10,26.6,7.1,18.2,26.6,7.1,18.1,7,54.84,0,,0,,,,,29.4,284.1,1017.3,0.1,15.2,,,0,
1346559,"43.00084982,-77.47372713",2002-11-07,5.9,-2,1.5,1.7,-7,-2.3,-6.4,56.86,0.12,,12.5,,,,,34,263.8,1016.4,62.4,16,,,0,
1346658,"41.38141587,-74.36991255",2002-05-06,23.7,4.9,15.4,23.7,2.7,15.3,6.8,61.46,0,,0,,,,,27.2,216.1,1023.6,34.6,19.8,,,0,
1348075,"42.07946125,-77.21414258",2002-09-11,20.8,14.1,17.6,20.8,14.1,17.6,10,63.02,0.73,,16.67,,,,,35.5,291.5,1006.5,62.9,14.5,,,0,
1349004,"41.71904586,-73.97694531",2001-10-13,24,12.3,17.6,24,12.3,17.6,13.1,76.9,0.9,,12.5,,,,,14.1,170.2,1019.7,26.4,16.4,,,0,
1351263,"44.92017171,-73.65570657",2000-03-23,15.7,0.8,8.4,15.7,-1,7.4,2.3,67.37,0,,0,,,,,19.3,259.3,1025.6,1.6,16,,,0,
1353443,"43.150238,-73.727602",2000-03-27,14.6,-3.3,7.1,14.6,-4.2,6.6,-2.3,56.45,0,,0,,,,,28.2,153,1003.7,33.4,22.3,,,0,
1356956,"35.232333,-85.53467",2007-04-22,26,7.8,17.5,26,7.8,17.5,6.8,57.08,0,,0,,,,,20.5,,1022.7,3.3,14.1,,,0,
1358109,"28.3816,-81.898",2010-10-31,29.1,17.4,23,28.8,17.4,23,16.2,68.76,0,,0,,,,,8.5,68.6,1018.9,20.8,15.6,,,0,
1358109,"28.3816,-81.898",2010-11-01,29.2,18.1,23,29.5,18.1,23.2,17.5,72.98,0,,0,,,,,8.4,171.6,1020.3,35.2,15.4,,,0,
1358109,"28.3816,-81.898",2010-11-02,26.9,20.5,22.4,28.3,20.5,22.5,19.6,84.21,14.35,,33.33,,,,,12.2,48.5,1018.6,84.6,14.2,,,0,
1358109,"28.3816,-81.898",2010-11-03,29.3,17.6,23.6,30.3,17.6,23.8,19.1,78.04,0.98,,16.67,,,,37.1,18.2,87.2,1013.4,49.8,14.7,,,0,
1365740,"33.416053,-85.671487",2010-10-22,26.8,5,14.6,26,5,14.4,2.9,56.48,0,,0,,,,29.5,17.8,21.7,1020.3,0,15.9,,,0,
1369716,"34.20866,-92.4136",2010-09-24,31.1,23.7,26.9,32.9,23.7,27.8,19.7,65.53,0.34,,4.17,,,,83.2,18.1,271.5,1018.3,39.3,15.3,,,0,
1373612,"41.5023192,-72.9787163",2009-03-23,2.2,-4.4,-0.5,-2.3,-8.6,-5.7,-17.4,27.02,0,,0,,,,56.3,30.8,336.1,1025.9,3.2,16,,,0,
1378201,"32.596,-85.03",1993-03-08,21.9,6,14.2,21.9,4.3,13.8,3.7,53.12,0,,0,,,,,28.3,249,1017.5,2.5,20.2,,,0,
1381447,"32.1152,-82.0746",1996-03-04,21.3,1.2,12,21.3,-3.5,11.1,0.3,50.02,0,,0,,,,,21.9,117.3,1028.6,15.9,33.7,,,0,
1386187,"32.7667,-82.5812",1997-02-04,0,0,,0,0,,,,,,0,,,,,,,,,,,,,
1388622,"32.7154,-83.2313",1996-02-14,21.9,6.2,13.4,21.9,2.7,12.1,-1,39.12,0,,0,,,,,32.3,237.7,1010.7,20.7,15.8,,,0,
1388989,"32.012,-81.2281",1997-03-06,21,11.7,18.1,21,11.7,18.1,5,48.21,0,,0,,,,,32.6,289.8,1019.9,45.2,11.7,,,0,
1392187,"34.5839,-83.3569",1994-02-28,10,-1.2,5.6,10,-4.5,3.5,-8,39.2,0,,0,,,,,18.7,93,1027.7,83.8,16.4,,,0,
1394477,"34.5843,-84.7388",1996-07-01,35.1,22.2,28,35.9,22.2,28.9,19.5,62.99,0.42,,4.17,,,,,18.4,292.3,1015.3,13.3,9,,,0,
1398183,"33.6409,-82.7486",1993-07-18,37.4,24.2,29.9,41.8,24.2,32.8,22.5,67.04,0,,0,,,,,18.7,154,1015.7,50.1,10.4,,,0,
1400502,"31.6007,-81.3937",1996-05-26,31.2,21.1,26.1,34.2,21.1,27.1,21.2,75.98,0,,0,,,,,20.9,178.7,1016.3,13.4,11.2,,,0,
1401446,"32.7321,-81.7071",1993-10-24,30.5,17.1,22.8,32.6,17.1,23.4,16,65.84,0,,0,,,,,12.1,111.9,1017.1,68.9,38.3,,,0,
1401479,"34.4817,-85.4848",1995-12-11,5.7,-8.3,-2.6,5.7,-8.3,-2.6,-13.4,46.46,0,,0,,,,,6.8,212,1031.4,0,16,,,0,
1405927,"34.6529,-84.8223",1995-08-03,28.9,22.7,26.1,31.4,22.7,26.9,20,69.63,0,,0,,,,,18.2,88.8,1017.9,29,19,,,0,
1409592,"33.7788,-85.3301",1994-03-16,14.3,5.5,10.3,14.3,4.3,9.3,-5.3,34.34,0,,0,,,,,25.8,295.9,1013.8,10.4,13.5,,,0,
1414385,"30.6928,-83.2",1993-09-30,25.6,10.7,17.3,25.6,10.7,17.3,5.7,53.31,0,,0,,,,,24.9,97.4,1021,2.7,15.4,,,0,
1415330,"31.019,-84.8335",1996-07-01,34.1,28.1,31.6,35.9,30.2,33.5,19.8,51.11,0,,0,,,,,18.4,330,,45,8.5,,,0,
1420393,"31.9783,-83.0626",1994-02-08,26.7,13.4,21.2,26.7,13.4,21.3,13.9,65.33,0,,0,,,,,22,190.6,1021.1,78.8,10.5,,,0,
1423465,"31.08594,-93.26904",2010-06-29,33.8,23,28,38,23,30.4,22.6,74.49,0.45,,8.33,,,,42.5,19.9,104.1,1013.1,19.6,16,,,0,
1426866,"34.95945,-78.54406666",2010-03-31,25.5,8.8,16.6,25.5,7.9,16.5,-0.4,36.14,0,,0,,,,35.3,15.9,279,1014,0,16,,,0,
1430508,"32.65238,-88.00971",1994-05-01,20.9,12.3,17.9,20.9,12.3,17.9,12.9,73.48,0.41,,8.33,,,,,19.2,231.1,1018.9,86.6,11.9,,,0,
1431611,"33.23394,-86.61401",1994-04-05,21.7,9.5,15.8,21.7,9,15.7,10.7,72.96,27.92,,16.67,,,,,20.1,171.5,1011.6,90.7,14.4,,,0,
1433581,"32.61465,-86.1878",1995-02-09,7,-7.3,0.8,4.9,-8.8,-0.9,-11.3,43.53,0,,0,,,,,13.7,155.3,1027.2,46,11.7,,,0,
1434346,"32.08906,-86.47403",1995-06-14,29.9,12.9,22,28.4,12.9,21.6,9.7,50.66,0,,0,,,,,16.1,154.3,1018,5.4,11,,,0,
1438460,"32.68155,-85.13984",1996-04-10,17.6,2,10.1,17.6,1.1,9.5,-3.5,40.21,0,,0,,,,,19.7,297.8,1021,0.7,15,,,0,
1439346,"33.22426,-85.47081",1996-03-23,19.4,2.8,11.1,19.4,0.8,10.4,-4.2,36.55,0,,0,,,,,12.4,109.5,1021.5,5,14,,,0,
1441930,"35.445,-87.13",2005-11-25,0,0,,0,0,,,,,,0,,,,,,,,,,,,,
1442070,"36.17,-88.2533333",2005-01-25,0,0,,0,0,,,,,,0,,,,,,,,,,,,,
1443723,"43.695512,-89.333509",2001-04-21,22.6,13,18.2,22.6,13,18.2,14,77.97,5.2,,25,,,,,45.8,225.8,1008.1,71.1,13.5,,,0,
1445422,"44.318568,-90.67203",1999-05-14,20.7,4.1,12.9,20.7,1.3,12,3.1,53.2,0,,0,,,,,23.7,92.5,1020.5,11.9,16.2,,,0,
1453072,"38.89311,-92.65927",1999-07-28,36.9,24.4,30.2,40.9,24.4,32.7,22.1,64.7,0,,0,,,,,23.5,206.1,1012.6,15.2,14.5,,,0,
1458543,"34.89166667,-84.06833333",2011-05-23,30.3,15.8,22.9,30.6,15.8,23.1,17.7,76.38,0,,0,,,,,14.3,130.3,,25,11.7,,,0,
1458698,"29.1875,-81.86388889",2011-05-01,30.9,18.1,23.9,30.4,18.1,23.8,14,55.62,0,,0,,,,29.2,22,84.6,1019.6,3.2,16,,,0,
1458698,"29.1875,-81.86388889",2011-05-02,31.9,17.3,24.8,31.4,17.3,24.9,16.3,61.6,0,,0,,,,31.3,15.9,108,1020.8,6.2,15.9,,,0,
1458698,"29.1875,-81.86388889",2011-05-03,31.6,19.3,25.3,30.9,19.3,25.3,16.8,62.03,0,,0,,,,,15.1,150.9,1020.7,16,15.9,,,0,
1458698,"29.1875,-81.86388889",2011-05-04,29.2,20.2,24.2,29.4,20.2,24.2,16.3,63.7,0,,0,,,,,20.6,178.1,1019.8,35.6,15.4,,,0,
1458698,"29.1875,-81.86388889",2011-05-05,27.5,15.8,21.8,27.3,15.8,21.8,10.7,50.01,0,,0,,,,33.5,17.7,53.9,1020.6,35.3,15.9,,,0,
1458698,"29.1875,-81.86388889",2011-05-06,28,18.7,22,28,18.7,22.1,15.2,66.27,1.35,,12.5,,,,31.3,23.6,168.8,1016.8,46.3,15.6,,,0,
1458698,"29.1875,-81.86388889",2011-05-07,29.6,15.6,22.4,28,15.6,22,10,51.26,0,,0,,,,,13,226.3,1016.4,0,15.5,,,0,
1458698,"29.1875,-81.86388889",2011-05-08,31.6,14.9,23.4,30.4,14.9,23.1,12.6,54.04,0,,0,,,,,15.4,231.5,1015.4,0,16,,,0,
1458698,"29.1875,-81.86388889",2011-05-09,33.4,18.7,25.6,33.3,18.7,25.8,17.7,66.27,0,,0,,,,,17.2,292.4,1013.8,24.3,13.7,,,0,
1458698,"29.1875,-81.86388889",2011-05-10,33.1,19.9,26.4,33.2,19.9,26.8,18.3,64.59,0,,0,,,,,12.5,139.4,1014.3,23.7,12.4,,,0,
1458698,"29.1875,-81.86388889",2011-05-11,33.6,21.2,27.4,35.1,21.2,27.9,17.8,57.95,0,,0,,,,31.3,18.4,248.4,1015,7.4,14.8,,,0,
1458698,"29.1875,-81.86388889",2011-05-12,34.8,19.7,26.7,34.8,19.7,27,17.9,62.14,0,,0,,,,31.3,18.4,110.5,1015.4,10.5,14,,,0,
1458698,"29.1875,-81.86388889",2011-05-13,33,20.7,26.4,34,20.7,26.7,18.2,62.9,0,,0,,,,31.3,22.3,201.8,1013,10.9,15.8,,,0,
1458698,"29.1875,-81.86388889",2011-05-14,31.3,20.8,23.8,31.9,20.8,23.9,18.3,72.98,4.01,,8.33,,,,67.7,33.1,210.5,1009.6,27.5,14.8,,,0,
1458698,"29.1875,-81.86388889",2011-05-15,26.1,19.4,22.4,26.1,19.4,22.4,15.8,68.1,1.3,,4.17,,,,39.6,28.8,251.7,1007.5,51.2,15.3,,,0,
1458698,"29.1875,-81.86388889",2011-05-16,24.6,15.2,20.2,24.6,15.2,20.2,11.2,58.11,0,,0,,,,43.2,26.4,291.4,1008,47.3,16,,,0,
1458698,"29.1875,-81.86388889",2011-05-17,24,14.7,19.9,24,14.7,19.9,11.1,57.79,0,,0,,,,43.2,28.8,251.8,1007.7,58.7,16,,,0,
1458698,"29.1875,-81.86388889",2011-05-18,27.4,13.3,19.9,26.7,13.3,19.8,10.1,57.92,0,,0,,,,25.9,15.9,187.1,1011.4,6.1,16,,,0,
1460438,"32.92972222,-105.46638889",2011-06-27,37.1,22.1,29.7,34.3,22.1,28.2,-0.4,14.6,0,,0,,,,63.2,30.9,214.9,1003.1,7.3,15.9,,,0,
1460725,"33.63583333,-110.65166667",2011-07-04,31.9,17.2,24.3,31.9,17.2,24.4,,,0,,0,,,,,,,,0,,,,0,
1460725,"33.63583333,-110.65166667",2011-07-05,29.2,16.2,22.2,29.2,16.2,22.2,,,0,,0,,,,,,,,0,,,,0,
1460725,"33.63583333,-110.65166667",2011-07-06,30.1,16.7,22.7,30.1,16.7,22.8,,,0,,0,,,,,,,,0,,,,0,
1460725,"33.63583333,-110.65166667",2011-07-07,34.4,15.7,23.5,34.4,15.7,23.6,,,0,,0,,,,,,,,0,,,,0,
1460725,"33.63583333,-110.65166667",2011-07-08,32.7,14.2,22.9,32.7,14.2,23,,,0,,0,,,,,,,,0,,,,0,
1465141,"34.89366,-108.41091",2011-04-16,20.4,-6.9,7.7,20.4,-10.5,6.5,-14.4,22.08,0,,0,,,,34.7,20.5,276.3,1014.8,0,16,,,0,
1465968,"65.2189,-148.4594",2011-05-30,24.3,11.9,18.8,24.3,11.9,18.8,7.7,53.28,0,,0,,,,37.1,22.4,231.8,1016,30.2,16,,,0,
1465968,"65.2189,-148.4594",2011-05-31,26.2,10.9,19.3,26.2,10.9,19.3,5.9,48.04,0,,0,,,,,12.5,174.1,1008.6,39.8,19.3,,,0,
1465968,"65.2189,-148.4594",2011-06-01,22.9,15.3,18.9,22.9,15.3,18.9,5.5,41.92,0,,0,,,,33.5,20.3,137.9,1003.5,58.7,14.7,,,0,
1465968,"65.2189,-148.4594",2011-06-02,17.3,10.6,13.5,17.3,10.6,13.5,6.2,63.74,0.79,,29.17,,,,29.5,17.3,117.8,1010.2,71.9,14.8,,,0,
1465968,"65.2189,-148.4594",2011-06-03,21.6,12.1,16.2,21.6,12.1,16.2,2.7,40.75,0.45,,8.33,,,,42.8,26.4,100.9,1004.5,59.2,15.2,,,0,
1465968,"65.2189,-148.4594",2011-06-04,16.9,11.4,13.7,16.9,11.4,13.7,4.5,54.91,0.21,,4.17,,,,,10.5,162.3,1009.4,55,16,,,0,
1465968,"65.2189,-148.4594",2011-06-05,16.9,6.7,12.7,16.9,6.7,12.7,4.4,58.96,0,,0,,,,29.5,18.5,204.7,1016.8,45.8,15.9,,,0,
1465968,"65.2189,-148.4594",2011-06-06,19.9,8.6,14.7,19.9,7.4,14.5,2.5,47.26,0,,0,,,,27.7,16.7,175.5,1022.8,33.3,15.2,,,0,
1465968,"65.2189,-148.4594",2011-06-07,24,9,17.8,24,8.1,17.7,3.2,41.69,0,,0,,,,29.5,19.6,120.7,1015,37,19.8,,,0,
1465968,"65.2189,-148.4594",2011-06-08,18.2,12.4,14.9,18.2,12.4,15,5.1,53.48,0,,0,,,,33.5,18.7,185.1,1011.3,66.9,14.6,,,0,
1465968,"65.2189,-148.4594",2011-06-09,14,10.1,11.7,14,10.1,11.7,8.3,80.67,1.86,,29.17,,,,27.7,16.6,259.3,1012.4,66.3,12.7,,,0,
1465968,"65.2189,-148.4594",2011-06-10,19.3,6.5,13.3,19.3,5.7,13.2,5.3,62.12,0,,0,,,,,12.6,130.5,1011.5,56.5,14.4,,,0,
1465968,"65.2189,-148.4594",2011-06-11,19.6,10.1,14.2,19.6,10.1,14.2,6.4,61.42,3.36,,16.67,,,,35.3,19.7,102.4,1007,56.5,15.8,,,0,
1465968,"65.2189,-148.4594",2011-06-12,19,9.2,13.3,19,8.7,13.3,7.5,69.95,2.94,,25,,,,51.8,18.8,182.6,1001,59,15.8,,,0,
1465968,"65.2189,-148.4594",2011-06-13,17.2,10.3,12.8,17.2,10.3,12.8,8.5,76.69,4.2,,54.17,,,,42.5,19.1,246.6,1001.7,63.8,16.8,,,0,
1465968,"65.2189,-148.4594",2011-06-14,17,9.4,12.8,17,8.6,12.7,8.4,75.74,6.88,,41.67,,,,25.9,15.6,214.2,1009,65.7,17,,,0,
1465968,"65.2189,-148.4594",2011-06-15,13.4,9.2,11.2,13.4,7.6,10.9,7.9,81.68,2.38,,29.17,,,,25.9,15,187.6,1016.6,69.5,15.9,,,0,
1465968,"65.2189,-148.4594",2011-06-16,18.7,8,13.3,18.7,7.7,13.3,6.5,67.09,0.25,,8.33,,,,,19.2,131.6,1016.5,55.3,19.8,,,0,
1465968,"65.2189,-148.4594",2011-06-17,21.9,8,16.2,21.9,7.2,16.1,4.8,51.08,0,,0,,,,29.5,10.3,136.2,1010.5,44.2,19.8,,,0,
1465968,"65.2189,-148.4594",2011-06-18,23.2,8.7,17.6,23.2,8.7,17.6,4.7,47.61,0,,0,,,,,15.3,105,1010.5,20.8,16,,,0,
1465968,"65.2189,-148.4594",2011-06-19,24.9,11.3,19,24.9,11.3,19,5.3,42.7,0,,0,,,,35.3,19.8,96,1009.5,43.1,16,,,0,
1465968,"65.2189,-148.4594",2011-06-20,20,12.7,16.3,20,12.7,16.3,11,71.65,1.46,,20.83,,,,,13.6,104,1008.6,60.1,16,,,0,
1465968,"65.2189,-148.4594",2011-06-21,21.6,12.1,17,21.6,12.1,17,9.1,62,1.35,,16.67,,,,,12.4,208.2,1010.3,58.4,17.6,,,0,
1465968,"65.2189,-148.4594",2011-06-22,17.1,12,14.6,17.1,12,14.6,11.6,82.64,3.51,,25,,,,,9.1,193,1010.5,69.4,15.9,,,0,
1465968,"65.2189,-148.4594",2011-06-23,17,10.3,13.6,17,10.3,13.6,6.8,64.81,0,,0,,,,,18.8,208.5,1014.7,64.2,18.2,,,0,
1465968,"65.2189,-148.4594",2011-06-24,25,8.5,17.4,25,8.5,17.4,7.3,57.28,0,,0,,,,25.9,17.2,62.5,1014.6,33.8,20,,,0,
1465968,"65.2189,-148.4594",2011-06-25,28.5,15.1,21.7,27.6,15.1,21.6,10.7,51,0.09,,4.17,,,,31.3,19.3,97.8,1008.2,43.2,16,,,0,
1465968,"65.2189,-148.4594",2011-06-26,18.9,13.6,16.2,18.9,13.6,16.2,12.8,80.87,3.57,,37.5,,,,33.5,16.4,127.8,1010.7,61.4,15.8,,,0,
1465968,"65.2189,-148.4594",2011-06-27,22.9,12.4,17.7,22.9,12.4,17.7,11,67.84,0.55,,4.17,,,,40.7,22,119.3,1003.8,61.5,17.6,,,0,
1465968,"65.2189,-148.4594",2011-06-28,17,11.7,13.3,17,11.7,13.3,10.8,85.57,8.49,,62.5,,,,,12.8,238.6,995.2,70.5,13.3,,,0,
1465968,"65.2189,-148.4594",2011-06-29,14.9,11.5,12.9,14.9,11.5,12.9,11.1,89.03,3.84,,33.33,,,,,14.5,227.7,991.5,71.2,13.8,,,0,
1465968,"65.2189,-148.4594",2011-06-30,18.8,11.2,14.4,18.8,11.2,14.4,10.5,78.61,5.19,,45.83,,,,,12.6,220.9,994,65.9,15,,,0,
1465968,"65.2189,-148.4594",2011-07-01,18.4,11.7,15,18.4,11.7,15,9.7,72.55,1.12,,12.5,,,,27.7,17.1,254.5,1000.9,62.8,15.8,,,0,
1465968,"65.2189,-148.4594",2011-07-02,19.5,9.8,13.9,19.5,9,13.9,10.5,80.65,3.03,,20.83,,,,,13.8,172.7,1001.8,64.8,15.6,,,0,
1465968,"65.2189,-148.4594",2011-07-03,15.8,10.6,13.1,15.8,10.6,13.1,11.4,89.66,2.9,,20.83,,,,38.9,16.2,165.8,999.8,61.8,11.4,,,0,
1465968,"65.2189,-148.4594",2011-07-04,17.5,10.8,13.6,17.5,10.8,13.6,9.9,79.48,4.48,,50,,,,29.5,17.3,210.8,1004.8,66.6,15.3,,,0,
1465968,"65.2189,-148.4594",2011-07-05,22.3,9.5,16.2,22.3,9.5,16.2,8.5,63.95,0,,0,,,,,12.2,58.8,1013.5,61.2,18.5,,,0,
1465968,"65.2189,-148.4594",2011-07-06,25.7,11.8,18.6,25.7,11.8,18.6,9.5,58.53,0.25,,4.17,,,,55.4,10.8,72.4,1014.9,53.2,18.3,,,0,
1465968,"65.2189,-148.4594",2011-07-07,24.3,13.1,19.3,24.3,13.1,19.3,10.2,57.85,0,,0,,,,27.7,19.2,76.5,1012.9,40.4,20.9,,,0,
1465968,"65.2189,-148.4594",2011-07-08,21.7,14.9,17.5,21.7,14.9,17.5,11.7,69.8,10.69,,16.67,,,,,14.5,176.1,1011.7,60.8,20.9,,,0,
1465968,"65.2189,-148.4594",2011-07-09,23.6,12.9,18.5,23.6,12.9,18.5,9.4,60.65,0,,0,,,,,13.8,164.4,1010.7,48,16,,,0,
1465968,"65.2189,-148.4594",2011-07-10,21.4,14.1,17.9,21.4,14.1,17.9,7.5,50.91,0,,0,,,,27.7,21.1,239.3,1013.7,43.9,16,,,0,
1465968,"65.2189,-148.4594",2011-07-11,23.9,12.1,18.4,23.9,12.1,18.4,8.3,54.35,0,,0,,,,,14.8,89.2,1013.8,62.9,16,,,0,
1465968,"65.2189,-148.4594",2011-07-12,19,14.3,16.3,19,14.3,16.3,11.1,71.93,0.49,,12.5,,,,,15.1,194.4,1012.4,75.6,16,,,0,
1465968,"65.2189,-148.4594",2011-07-13,19.8,10.9,15.3,19.8,10.9,15.3,6.6,59.4,0,,0,,,,,11.4,221.1,1012.1,66.7,16,,,0,
1465968,"65.2189,-148.4594",2011-07-14,19.5,9.1,15.4,19.5,9.1,15.4,6.3,56.69,0,,0,,,,,12.6,183.5,1008,57,18,,,0,
1465968,"65.2189,-148.4594",2011-07-15,19.9,12.4,15.8,19.9,12.4,15.8,8.4,62.51,0,,0,,,,,9.7,192.6,1006.8,67.4,15.9,,,0,
1465968,"65.2189,-148.4594",2011-07-16,16.1,10.4,13.2,16.1,10.4,13.2,8.1,72.86,9.05,,12.5,,,,38.9,26.4,178.1,1007.9,60.4,15.7,,,0,
1465968,"65.2189,-148.4594",2011-07-17,20.9,6.6,14.6,20.9,5.6,14.5,7.1,64.2,0.15,,8.33,,,,,16.2,51.6,1006.9,49.5,16,,,0,
1465968,"65.2189,-148.4594",2011-07-18,14.9,10.6,12.6,14.9,10.6,12.6,7.4,71.71,1.43,,20.83,,,,31.3,15.1,236.6,1007.8,70.3,14.5,,,0,
1465968,"65.2189,-148.4594",2011-07-19,17.1,8.4,12.4,17.1,7.1,12.2,5.4,64.46,0.19,,4.17,,,,,11.8,179.8,1011.8,59,16,,,0,
1465968,"65.2189,-148.4594",2011-07-20,22.9,7,15.7,22.9,7,15.7,7.5,61.81,0,,0,,,,,9,44.4,1012.9,48.3,21.9,,,0,
1465968,"65.2189,-148.4594",2011-07-21,24.3,10.5,18.2,24.3,10.5,18.2,8.1,56.26,0,,0,,,,,9.4,88,1009.8,44.4,19.5,,,0,
1478545,"30.6012,-84.8557",2011-06-04,35.8,23.4,28.5,37.8,23.4,29.6,20.5,64.79,4.92,,8.33,,,,38.9,16.9,200.3,1017.2,15.6,14.8,,,0,
1478679,"29.1574,-82.3597",2011-04-17,26.9,12,19.6,26.6,12,19.5,10.1,58.47,0,,0,,,,,13.4,212.5,1016.1,0.3,15.9,,,0,
1489243,"31.16426572,-83.45395148",2011-03-25,23.9,7.6,15.6,23.9,7.6,15.5,2.7,44.98,0,,0,,,,,12.1,148,1014.9,0,15.8,,,0,
1489918,"32.06386286,-82.26655314",2011-02-16,21.2,7.1,14.1,21.2,4.8,13.6,8.4,70.48,0,,0,,,,,14.8,96.5,1025.7,71.6,15.7,,,0,
1492692,"32.01794566,-82.91519477",2011-03-19,31.9,12.7,22,29.9,12.7,21.5,9.9,50.1,0,,0,,,,29.5,12.2,258.3,1021.8,0,15.1,,,0,
1493109,"31.79445032,-83.69684163",2011-09-01,34.4,22.7,27.6,35.2,22.7,27.7,19.1,66.41,0,,0,,,,29.5,17.8,82.9,1018.9,28.9,13.6,,,0,
1497819,"37.45877778,-76.96497222",2011-02-12,12.1,-3.7,4.1,12.1,-5.4,3,-7.3,48.4,0,,0,,,,43.8,30.2,271.3,1018.7,5.1,16,,,0,
1498475,"34.664474,-80.056641",2011-07-13,36.7,22.1,28.2,41.5,22.1,30.6,22.7,74.82,2.17,,16.67,,,,37.8,19.5,164.5,,4.2,12,,,0,
1499782,"26.5831,-81.689",2011-12-18,23.9,14.3,18.3,23.9,14.3,18.3,10.5,64.7,0,,0,,,,37.1,21.8,78.3,1022.5,0,16,,,0,
1505031,"33.6366,-92.1752",2011-08-06,38.9,26.5,32.6,44.3,26.5,36.7,22.5,57.93,0,,0,,,,27.7,16.8,163.9,1012.3,0,16,,,0,
1510459,"34.6219,-118.2184",2011-06-17,29.1,14.8,21.5,27.4,14.8,21.1,5.1,41.44,0,,0,,,,51.8,33,234.4,1007.7,0.7,19,,,0,
1511477,"34.0299,-118.7547",2011-06-01,18.4,11.2,15,18.4,11.2,15,8.2,65.11,0,,0,,,,42.3,23,178.4,1016.8,13.7,15.2,,,0,
1515981,"36.3355,-80.975",2011-11-13,14.7,3.9,9.2,14.7,3.9,9.2,0.3,55.92,0,,0,,,,,15.3,193,,15.4,16,,,0,
1522419,"31.35281667,-95.32026667",2009-02-28,14.3,2.4,9.6,14.3,-1.9,7.8,-0.5,54,0.32,,4.17,,,,,31.5,330.8,1020.7,39.1,14.6,,,0,
1524090,"31.43183333,-95.62588333",2010-10-20,31.3,16.6,23.3,31.6,16.6,23.4,16.8,70.29,0,,0,,,,,12.6,172,1015.6,10.5,15.1,,,0,
1529341,"33.69690575,-96.11230316",2009-01-22,24.4,-0.6,11.9,24.4,-2.7,11.5,-2.7,43.24,0,,0,,,,,28.2,166.3,,0,15.9,,,0,
1531331,"29.50520727,-98.10115963",2009-02-21,19.9,8.6,15,19.9,6.4,14.9,3.1,52.73,0,,0,,,,52.1,34.4,179.4,1020.4,34.5,16,,,0,
1545658,"32.397,-94.103",2010-09-22,33.7,22.3,26.8,36.8,22.3,27.7,20.1,68.28,1.31,,12.5,,,,60.7,29.2,141.1,1015.6,34,15.8,,,0,
1548505,"32.7569368,-98.0995247",2011-01-05,15,-1.9,5.6,15,-5.8,4.7,-2.6,61.67,0,,0,,,,29.5,24.1,291.3,1015.9,0,16,,,0,
1549537,"30.467506,-97.153473",2011-01-28,24,2.9,12.7,24,0.6,12.1,-1.8,42.49,0,,0,,,,33.5,16,241.7,1019.5,5.3,16,,,0,
1551892,"32.6963779,-94.261349",2011-03-07,15.5,3.5,9.3,15.5,0.6,7.9,4.2,71.59,0,,0,,,,37.1,25.1,127.3,1015.9,68.6,15.8,,,0,
1554607,"29.988454,-97.296982",2011-04-29,30.7,10.7,21.1,29,10.7,20.7,10.3,55.5,0,,0,,,,53.6,33.2,136.9,1013.4,7.3,16,,,0,
1560344,"31.776629,-94.658546",2011-08-24,38,22.1,28.3,39.8,22.1,29.4,20.7,67.6,4.47,,20.83,,,,70.2,18.6,166.3,1012.1,11.7,15.3,,,0,
1563786,"32.363107,-100.436883",2011-12-31,25.1,7.2,14.3,25.1,3.8,13,-2.4,33.75,0,,0,,,,53.1,33.8,202.5,1014.7,1,15.7,,,0,
1573022,"38.4339,-105.3839",2012-03-31,25,8.8,17.1,25,6.6,16.9,-6.1,20.97,0,,0,,,,53.6,35.6,180.8,1005.3,4.6,16,,,0,
1575591,"48.1094,-105.1836",2012-03-25,10.9,-3.1,3.4,10.9,-8.8,-0.5,-3.4,63.96,0,,0,,,,46.4,35.3,87.8,1020.1,1.3,15.8,,,0,
1579427,"43.0307,-123.4917",2012-07-19,28.3,13.7,19.5,27.8,13.7,19.5,12.3,66.63,0.04,,4.17,,,,27.7,15.5,170.8,1014.8,45.7,15.9,,,0,
1579427,"43.0307,-123.4917",2012-07-20,21.9,14.5,17.6,21.9,14.5,17.6,13.2,76.87,8.47,,25,,,,,14.8,215.8,1020.1,64.3,14.3,,,0,
1585276,"43.37052,-90.00046",2012-07-10,29.3,17,23.1,28,17,22.8,11.7,51.92,0,,0,,,,,15.9,66.3,1019.1,49.6,15.9,,,0,
1587104,"46.515778,-67.874722",2012-05-07,18.8,-1.8,9.3,18.8,-1.8,9.3,-5.3,42.46,0,,0,,,,27.7,13.1,173,1019,0,16,,,0,
1590387,"41.14079,-96.59901",2012-03-14,27.7,10.8,17.7,26.5,10.8,17.5,7.1,57.61,0,,0,,,,,18.2,214.7,1009.4,12.9,14.2,,,0,
1594327,"28.3453,-82.6157",2012-03-13,27.9,14.7,21,27.6,14.7,21,14.5,69.82,0,,0,,,,29.5,16.9,96.3,1023.8,16.4,16,,,0,
1599823,"31.501172,-87.352619",2012-05-24,32.3,18.9,25.4,33.3,18.9,25.9,19,70.91,0,,0,,,,,12.7,65.9,1012.6,34.8,11.8,,,0,
1601091,"41.8793214,-72.9751693",2012-04-14,21.1,4.7,14.4,21.1,4.7,14.2,-3.4,32.46,0,,0,,,,30.9,15.9,217.8,1018.7,33,16,,,0,
1601319,"41.5844444,-71.9211111",2012-03-11,10.1,-1.7,5.1,10.1,-4,2.7,-3.1,57.02,0,,0,,,,40.3,24.4,242.9,1030.5,0.4,15.9,,,0,
1606595,"36.07632,-93.64225",2012-08-11,30.3,14.1,22.5,28.8,14.1,22.1,10.6,51.52,0,,0,,,,,13.5,88.7,1015.8,0,16,,,0,
1608108,"37.29647222,-81.93669444",2012-03-29,21.4,13.4,17.3,21.4,13.4,17.3,4,44.45,0.85,,12.5,,,,44.3,22.6,310,1012.7,11.7,16,,,0,
1610225,"30.81309398,-84.30319214",2012-04-29,32.3,16.3,24.4,32.4,16.3,24.5,16.6,66.21,0,,0,,,,,7.1,137.2,1018.7,12.7,15.8,,,0,
1611101,"33.98054724,-85.34323059",2012-03-17,27.3,15,19.6,27,15,19.6,13.8,72.39,5.1,,16.67,,,,,10.9,102.3,1021.7,44.2,15.6,,,0,
1613818,"32.05011111,-82.76085833",2012-10-29,17.3,6.7,11.7,17.3,4.8,11.1,2.1,55,0,,0,,,,57.7,27.2,305,1007.9,7.2,16,,,0,
1615834,"31.70926742,-90.41588976",2012-03-19,25.1,18.1,21.4,25.1,18.1,21.4,17.4,79.66,0,,0,,,,45.7,23,141.5,1016.8,37,14.7,,,0,
1616749,"33.0633084,-89.15867077",2012-03-19,27.7,15.4,20.8,27.3,15.4,20.8,14,67.7,0,,0,,,,39.7,22,151,1019.7,14.6,14.3,,,0,
1623326,"41.098,-74.112",2012-04-05,13.8,3.3,8.8,13.8,1.6,7.6,-4.4,40.19,0,,0,,,,45.4,22.2,329.9,1009.7,5.7,16,,,0,
1624728,"44.8971,-73.6143",2012-08-28,24.7,16.1,21.1,24.7,16.1,21.1,14.5,68.78,0.9,,20.83,,,,46.3,25.2,298.8,1010.3,36.3,15.7,,,0,
1624728,"44.8971,-73.6143",2012-08-29,24.4,10.5,17.5,24.4,10.5,17.5,6.9,52.95,0.08,,4.17,,,,39.4,17.3,281.3,1014.4,2.2,16,,,0,
1624728,"44.8971,-73.6143",2012-08-30,29.1,12.8,21.5,28.3,12.8,21.4,11.6,55.36,0,,0,,,,108.9,20,246.6,1013.1,0,16,,,0,
1624728,"44.8971,-73.6143",2012-08-31,24.5,20,23,24.5,20,23.1,15.2,63.71,1.56,,20.83,,,,40.4,20.1,253.5,1009.9,23.2,16,,,0,
1624728,"44.8971,-73.6143",2012-09-01,23.9,11.6,19.1,23.9,11.6,19.1,11.4,64.28,0,,0,,,,41.2,17.3,149.6,1017.3,2.6,16,,,0,
1624728,"44.8971,-73.6143",2012-09-02,25,8.1,16.3,25,8.1,16.3,9.4,68.85,0.29,,8.33,,,,66.6,11.7,91.9,1018.9,11.3,16,,,0,
1624728,"44.8971,-73.6143",2012-09-03,27.5,7.4,18.2,27.3,7.4,18.2,11.4,68.37,0.82,,12.5,,,,37.1,19.4,125.4,1019,2.6,16,,,0,
1624728,"44.8971,-73.6143",2012-09-04,23.9,17.1,20.5,23.9,17.1,20.4,16.5,78.58,19.94,,29.17,,,,37.1,18.1,135.9,1014,45.3,14.6,,,0,
1624728,"44.8971,-73.6143",2012-09-05,26,17.9,21,26,17.9,21,17.8,83.34,56.45,,62.5,,,,69.4,16.9,183.9,1008.6,39.1,13.8,,,0,
1624728,"44.8971,-73.6143",2012-09-06,27.4,16.5,20.8,28.4,16.5,20.8,17.8,84.14,0.38,,8.33,,,,,16.8,145.3,1009.6,15.2,14.7,,,0,
1629327,"32.4420924,-94.0800169",2012-03-04,21.4,2.4,11.7,21.4,0.6,11.5,-2.5,43.87,0,,0,,,,35.9,22.6,266,1020.2,0.9,16,,,0,
1635036,"35.7259471,-101.5812987",1999-10-06,30.8,13.1,21.8,28.8,13.1,21.3,6.1,46.09,0,,0,,,8,,37.1,186.8,1012.2,0,16,,,0,
1645812,"47.8755,-95.0489",2013-05-08,21.8,7.5,14.5,21.8,5.1,14.4,6.7,61.21,2.1,,8.33,,,,27.7,22,159.2,,40.8,15.8,,,0,
1645823,"47.8672,-94.9414",2013-05-13,26,2.9,12.3,26,0.2,10.8,-1.9,38.53,0,,0,,,,49,36.6,150,,31.3,15.9,,,0,
1650104,"39.5581,-112.24",2013-08-09,32.7,14.2,24.5,32.7,14.2,24.6,,,0,,0,,,,,,,,0,,,,0,
1650104,"39.5581,-112.24",2013-08-10,32.7,13.6,24.3,32.7,13.6,24.4,,,0,,0,,,,,,,,0,,,,0,
1650104,"39.5581,-112.24",2013-08-11,33.4,16.9,24.7,33.4,16.9,24.8,,,0,,0,,,,,,,,0,,,,0,
1650104,"39.5581,-112.24",2013-08-12,30.2,15.4,23.5,30.2,15.4,23.5,,,0,,0,,,,,,,,0,,,,0,
1650104,"39.5581,-112.24",2013-08-13,33.9,11.7,24.1,33.9,11.7,24.1,,,0,,0,,,,,,,,0,,,,0,
1650706,"42.6978,-106.3997",2013-07-31,29.2,8.9,19.4,27.8,8.4,19.2,9,56.9,0,,0,,,,,24.1,116,1019.8,1.2,16,,,0,
1650706,"42.6978,-106.3997",2013-08-01,32.9,11.1,21.7,30.7,11.1,21.2,9.2,51.85,0,,0,,,,74.9,42.5,206.5,1012.2,4.4,16,,,0,
1654966,"36.927,-121.8035",2013-07-29,19.2,13.2,15.4,19.2,13.2,15.4,11,75.36,0,,0,,,,31.3,22.3,234.6,1015.3,90.1,15.7,,,0,
1656843,"48.3055,-117.7137",2013-08-25,28.1,14.4,20.1,27.4,14.4,20.1,11.7,61.5,11.19,,37.5,,,,79.7,21.7,174.3,1011.1,54.3,15.7,,,0,
1656843,"48.3055,-117.7137",2013-08-26,24.8,13.1,18.3,24.8,13.1,18.3,11.3,67.49,0.13,,4.17,,,,27.7,12.3,181.8,1013.7,37.7,15.7,,,0,
1656843,"48.3055,-117.7137",2013-08-27,28,9.6,19,27,8.6,18.8,9,57.35,0,,0,,,,,8.3,124.3,1013.1,4.1,15.9,,,0,
1656843,"48.3055,-117.7137",2013-08-28,28.7,14,20.6,27.5,14,20.5,9.8,52.23,0,,0,,,,31.3,15.7,133.5,1010.4,3.5,16,,,0,
1656843,"48.3055,-117.7137",2013-08-29,27.4,13.6,19.6,26.8,13.6,19.5,11,59.67,0,,0,,,,35.3,20.2,186.1,1013,8.5,16,,,0,
1656843,"48.3055,-117.7137",2013-08-30,27,12.1,19.6,26.3,12.1,19.5,9,54.89,0.15,,8.33,,,,38.3,27.4,194.9,1017.6,28.7,16,,,0,
1659234,"39.44705,-123.742867",2013-10-08,20.1,7.5,13.3,20.1,7.5,13.3,5.2,60.35,0,,0,,,,31.7,18,297.3,1011.9,0,16,,,0,
1659839,"40.011267,-122.139917",2013-11-08,22.8,8.4,14,22.8,7.1,13.8,3,49.73,0,,0,,,,,11.7,220.6,1016.8,21.8,17.4,,,0,
1664184,"38.12954977,-81.21586509",2013-04-13,17.1,6.2,11.5,17.1,4.8,10.6,-1.3,44.26,0,,0,,,,46.7,29.5,278.8,1014.1,38.1,16,,,0,
1665659,"41.42,-74.0413",2013-08-26,25.4,18,20.9,25.4,18,20.9,16.6,76.64,3.67,,25,,,,,13.4,221.2,1018.1,72.9,14.6,,,0,
1666963,"39.959,-74.5788",2013-05-22,29.9,18.9,23.3,33,18.9,23.9,20.5,85.57,0,,0,,,,30.9,21.4,205.7,1011.7,40,13.7,,,0,
1666963,"39.959,-74.5788",2013-05-23,27.7,19.9,22.7,28.9,19.9,22.8,19.5,82.87,2.95,,29.17,,,,52.8,35.7,197.9,1010.7,92.8,15.9,,,0,
1666963,"39.959,-74.5788",2013-05-24,19,7.9,13.9,19,5.1,13.3,11.9,88.14,9.41,,54.17,,,,37.1,27.7,284.3,1009.9,80.4,15.4,,,0,
1666963,"39.959,-74.5788",2013-05-25,16.3,7,11.3,16.3,3.7,10.2,3,59.96,2.28,,29.17,,,,61.9,36.4,307.2,1015.2,87.3,15.8,,,0,
1666963,"39.959,-74.5788",2013-05-26,20.2,9.8,14.5,20.2,7.2,14.3,1.9,43.69,0,,0,,,,48.2,30.7,253.8,1018.4,10,16,,,0,
1666963,"39.959,-74.5788",2013-05-27,22.8,4.1,15.1,22.8,4.1,15.1,4.1,52.38,0,,0,,,,27.7,18.1,197.8,1023.1,4,15.4,,,0,
1666963,"39.959,-74.5788",2013-05-28,17.9,10.3,15.1,17.9,10.3,15.1,12.9,87.12,4.97,,33.33,,,,,21.4,101.9,1021.8,69.1,14,,,0,
1666963,"39.959,-74.5788",2013-05-29,31.1,14.8,23.1,32,14.8,23.5,17.5,74.73,0.28,,4.17,,,,36.4,23.5,213.8,1018.2,29.9,15.1,,,0,
1667282,"40.8653,-73.1245",2013-08-21,30.7,19,24.6,30.8,19,24.6,18.1,70.51,0,,0,,,,,22,177,1019.8,29.8,14.8,,,0,
1668730,"41.1173,-74.0485",2013-10-28,16.5,2,9.1,16.5,2,9.1,-0.6,54.2,0,,0,,,,32.5,20.1,264.6,1022.8,0.4,16,,,0,
1672731,"34.366779,-81.022896",2013-01-21,16.1,-0.5,7.7,16.1,-0.5,7.5,-0.9,60.94,0,,0,,,,,14.9,189.7,1016.9,0,16,,,0,
1675357,"31.633269,-86.608524",2013-11-30,19.1,-1.2,8,19.1,-1.2,7.9,0.1,62.2,0,,0,,,,,8.7,47.7,1028.7,0,16,,,0,
1692456,"33.9000366,-98.478758",2013-07-11,39.2,26,32.1,38.3,26,32.2,15.6,38.71,0,,0,,,,53.9,33.6,178.4,1011.6,25.4,15.8,,,0,
1693220,"31.2964961,-95.461953",2013-06-21,34.1,22.5,28.5,35.9,22.5,29.9,21.1,67.24,0,,0,,,,25.9,14.5,150.3,1017.7,17.1,14.2,,,0,
1698785,"33.844988,-96.913292",2013-02-27,11.3,0.1,4.9,11.3,-3.2,2.3,-2.7,62.61,0,,0,,,,43.5,31.7,269,,14.7,16,,,0,
1699725,"44.558056,-70.158083",2011-06-07,24.6,11.5,17.9,24.6,11.5,17.9,12.7,73.23,0,,0,,,,,8.2,51.3,1012.7,4.3,15.7,,,0,
1706952,"18.338512,-67.173058",2005-02-27,31.7,22.1,26.2,36.5,22.1,27.4,21.6,76.55,0,,0,,,,,18.4,139.9,,51.1,15.8,,,0,
1708185,"18.331411,-67.054253",2005-03-20,32.1,18.1,25.2,35.9,18.1,26.4,19.6,72.06,0,,0,,,,,22.3,131.6,,20.4,15.5,,,0,
1711220,"18.278048,-66.957573",2006-03-12,31.1,18.1,24.6,32.1,18.1,24.9,17.6,66.84,0,,0,,,,,33.4,,,15.9,15.8,,,0,
1719938,"18.236155,-66.657394",2011-02-02,28,22.8,25.1,30,22.8,25.6,19.5,72,1.1,,8.33,,,,38.9,18.2,83,1018.5,13.5,15.9,,,0,
1728039,"45.70944444,-121.75611111",2014-09-22,23.6,18.2,20.5,23.6,18.2,20.5,11.9,58.42,0,,0,,,,46.4,18.6,171.8,1013.4,38.3,16,,,0,
1730587,"39.1905,-109.0039",2014-08-18,33.5,17.4,25.6,31.1,17.4,24.7,3.5,26.82,0,,0,,,,,21,166.7,1008.6,0,16,,,0,
1730587,"39.1905,-109.0039",2014-08-19,26.2,16.2,21.3,26.2,16.2,21.3,10.7,55.14,7.78,,29.17,,,,68.4,31.3,216.1,1008.1,60.8,15,,,0,
1731589,"47.8753,-94.925",2014-04-20,21,-3,9.5,21,-3,9.4,-0.3,57.16,0,,0,,,,,19.2,141,,2.5,15.3,,,0,
1732793,"48.8569,-100.0294",2014-05-15,13.2,-2,5.7,13.2,-5,4.3,-2.4,62.15,0,,0,,,,29.5,17.9,182.8,,3,16,,,0,
1736521,"41.3,-109.377",2014-07-23,33.1,15,25.6,30.7,15,24.7,-3.7,14.95,0,,0,,,,54.5,24.1,157,1015.9,3.2,16,,,0,
1736521,"41.3,-109.377",2014-07-24,32,20,25.6,29.8,20,24.9,1.5,21.8,0,,0,,,,68.4,46.4,219.2,1011.6,18.5,16,,,0,
1737857,"33.00361111,-81.66944444",2014-07-09,35.5,22.2,28.4,35.9,22.2,29,18.8,59.02,0.38,,4.17,,,,60.7,23,230.7,1016,17.3,15.6,,,0,
1746591,"31.08549766,-90.63057239",2014-03-31,24.1,4.1,14.5,24.1,4.1,14.5,5.8,62.87,0,,0,,,,38.5,28.6,103.7,1019.2,0.4,14.8,,,0,
1748908,"36.54883333,-80.70266666",2014-01-20,15.9,-1.7,6.9,15.9,-1.7,6.4,-8.7,36.5,0,,0,,,,50,20.1,292.8,,0,16,,,0,
1750171,"35.139667,-87.324033",2014-02-16,15,-1.2,6.2,15,-3.3,5.8,-0.2,65.96,0,,0,,,,29.5,13.1,231.7,1020.2,3.1,15.5,,,0,
1751418,"32.28307222,-83.465775",2014-03-02,24.3,3.7,13.9,24.3,3.7,13.9,6.3,66.37,0,,0,,,,27.7,15.5,188.1,1020.9,0,14.1,,,0,
1753042,"37.375851,-83.625717",2014-03-15,17.8,9,13.2,17.8,7.6,13,-1.9,37.28,0,,0,,,,42.2,16.9,204.3,1016.8,30.4,16,,,0,
1753042,"37.375851,-83.625717",2014-03-16,10.2,-0.8,4.3,10.2,-5.5,1.4,-1.7,68.48,15.18,,54.17,,,,37.7,18.4,44.9,1013.1,68,10.9,,,0,
1753233,"34.38988889,-83.38572222",2014-03-20,20.1,8.1,13,20.1,6.6,12.6,-0.9,49.78,0,,0,,,,32.3,20.1,293.7,1017.5,1.3,13.8,,,0,
1753748,"35.351917,-88.774233",2014-03-24,12.2,-1.8,5.4,12.2,-3.8,3.5,-7.7,42.23,0,,0,,,,,20.6,144,1023.4,28.9,16,,,0,
1755707,"40.8026,-78.3743",2014-04-12,21,4.8,12,21,4.5,11.9,2.8,63.38,0,,0,,,,33.5,16.2,183.8,1021,34.1,11.1,,,0,
1757478,"44.8265,-88.5188",2014-05-17,17.3,2.2,10.9,17.3,2.2,10.8,-1.4,47.16,0,,0,,,,33.6,20.3,280.8,,30.5,16,,,0,
1763939,"33.3738173,-96.226203",2014-12-29,10.9,-2.9,3.1,10.9,-2.9,2,-0.1,81.26,0,,0,,,,46.4,16.7,81.6,1022.1,25.6,14.7,,,0,
1765907,"30.343067,-95.190461",2014-01-12,22.4,0.8,11.7,22.4,0.8,11.7,5,71.14,0,,0,,,,38.9,25.2,89.1,1018.1,12.3,14.7,,,0,
1767816,"33.203989,-86.648809",2014-01-27,13.9,-1.8,8.1,13.9,-7.2,6.7,-2.9,49.23,0,,0,,,,46.4,27.1,277.9,1015.8,29.5,16,,,0,
1768045,"35.26122,-95.03063",2014-02-20,21.5,2.6,14.3,21.5,0.7,13.7,3.4,50.32,0,,0,,,,64.6,46,251.6,1006.6,24.5,15.3,,,0,
1772508,"30.56716547,-89.64030738",2014-01-18,13.9,-3.2,5.7,13.9,-3.2,5.4,-3.9,56.6,0,,0,,,,27.7,16.8,159,1023.7,0,16,,,0,
1789494,"39.06305556,-108.0475",2015-10-17,22.4,8.9,15.6,22.4,7.9,15.5,3,44.61,0,,0,,0,0,37.1,11.4,121.1,1018.1,42.1,15.9,,,0,
1789494,"39.06305556,-108.0475",2015-10-18,21.6,13.4,16.4,21.6,13.4,16.4,8.2,59.27,0,,0,,0,0,42.7,14,61.4,1015.8,80.7,15.9,,,0,
1792685,"34.65222222,-111.09194444",2015-03-29,25,6,15.7,25,3.7,15.2,-6.9,23.39,0,,0,,0,0,35.3,16.6,208.5,1018.2,0,16,,,0,
1794141,"48.96861111,-115.18611111",2015-10-29,0,0,,0,0,,,,,,0,,,,,,,,,,,,,
1794141,"48.96861111,-115.18611111",2015-10-30,0,0,,0,0,,,,,,0,,,,,,,,,,,,,
1795365,"34.23194444,-116.90583333",2015-05-04,14.7,2.2,8.6,14.7,2.2,8.1,-2.2,48.2,0,,0,,0,0,31.7,19.8,254.1,1012.7,33.3,16,,,0,
1797430,"41.1489,-123.7817",2015-07-07,17.9,10.5,14.6,17.9,10.5,14.6,12.2,86,0,,0,,0,0,55.4,23.5,243.3,1016.7,32.1,15.7,,,0,
1797430,"41.1489,-123.7817",2015-07-08,16.5,12.4,14.5,16.5,12.4,14.5,13,90.83,2.46,,25,,0,0,,11.2,313.7,1012.3,90.4,14.8,,,0,
1800241,"47.9597,-99.0619",2015-04-26,15.9,7.1,10.6,15.9,4.6,9.7,5.2,70.33,0,,0,,0,0,25.9,16.8,221.4,,71.8,14.9,,,0,
1801796,"35.34581,-95.886",2015-01-31,9.2,5.5,6.8,6.5,2.1,4.4,0.1,63.79,7.41,,33.33,,0,0,37.1,19.9,141.1,1021,68.9,14.9,,,0,
1801796,"35.34581,-95.886",2015-02-01,7.8,-5.5,3.1,5.5,-12.7,-1.5,-0.7,77.11,9.09,,37.5,,0,0,50.7,33.8,280.3,1015.9,93.3,13.5,,,0,
1806795,"42.19278,-122.04417",2015-07-06,32.9,12.6,23.5,30.8,12.6,22.8,9.2,45.9,0,,0,,0,0,35.3,17,192.5,1014.9,11.6,16,,,0,
1811927,"42.37083,-124.41972",2015-07-30,20.9,12.7,17.7,20.9,12.7,17.7,13.1,75.57,0,,0,,0,0,,11.7,142.3,1016.4,6.4,14.3,,,0,
1812285,"38.35,-98.78",2015-09-11,24,14,18.6,24,14,18.6,11.6,66.08,0,,0,,0,0,33.5,25.7,41.4,1020.8,35.5,16,,,0,
1812762,"31.67754573,-90.0647747",2015-10-23,28.6,19.6,23.6,29.4,19.6,23.7,17.8,71.71,0,,0,,0,0,31.7,23.5,133.7,1018,31.1,15.9,,,0,
1812785,"40.74974,-98.14806",2015-10-30,9.6,0.9,4.8,7.3,-2.1,2.4,-0.2,71.23,7.74,,37.5,,0,0,,19,173.3,1014.5,55.9,15.4,,,0,
1814437,"39.19,-94.96",2015-03-21,21.6,5.8,13.4,21.6,4.3,13.1,4.4,57.72,0,,0,,0,0,35.3,17.8,171.2,1019.4,20.8,15.7,,,0,
1817225,"47.3066,-120.3069",2015-06-04,27.2,13.6,20.4,26.6,13.6,20.3,5.5,40.19,0,,0,,0,0,37.1,22.3,247.2,1015.2,13.3,16,,,0,
1817756,"40.1506,-74.1599",2015-10-31,12.5,1.9,7.8,12.5,-0.3,7,0.6,60.73,0,,0,,0,0,,11.9,250.4,1021,0.2,16,,,0,
1817756,"40.1506,-74.1599",2015-11-01,17.5,8.5,13.8,17.5,7.4,13.7,7.9,67.65,0,,0,,0,0,51.8,24.3,227.7,1014.4,44.5,16,,,0,
1817756,"40.1506,-74.1599",2015-11-02,17,7.9,12.8,17,7.9,12.8,7.1,69.25,0,,0,,0,0,,13.7,229.1,1018.1,0,14.3,,,0,
1817756,"40.1506,-74.1599",2015-11-03,22.5,5.9,13.9,22.5,5,13.7,5.5,59.2,0,,0,,0,0,,12.8,262,1021.9,0,15.8,,,0,
1817756,"40.1506,-74.1599",2015-11-04,18.1,9.7,14.2,18.1,9.7,14.2,8.2,68.25,0,,0,,0,0,25.9,17.3,154.5,1026.3,12.4,13.4,,,0,
1817756,"40.1506,-74.1599",2015-11-05,22,10.9,16.6,22,10.9,16.6,12.8,78.37,0.47,,8.33,,0,0,33.5,10.5,205.6,1023.6,96.3,12,,,0,
1817756,"40.1506,-74.1599",2015-11-06,22.5,18,20.4,22.5,18,20.4,16,76.56,0,,0,,0,0,35.6,24.3,218.7,1015.1,75.7,12.5,,,0,
1817756,"40.1506,-74.1599",2015-11-07,19.5,12,16.2,19.5,12,16.2,7.4,56.72,0.5,,8.33,,0,0,33.5,18.1,284.9,1016.2,70.3,16,,,0,
1817756,"40.1506,-74.1599",2015-11-08,14,5.2,10,14,4,9.3,-1.3,46.07,0,,0,,0,0,31.7,21.7,297,1027.2,0,16,,,0,
1819855,"33.91158333,-84.82108333",2015-02-14,14.5,-4.8,5.3,14.5,-4.8,4.8,-6.6,44.44,0,,0,,0,0,46.4,35.3,280.9,1018.6,24.6,16,,,0,
1820429,"38.36,-97.2",2015-03-02,1.6,-6.1,-2,-3.6,-9.6,-5.9,-6.9,69.92,0,,0,,4.57,4.79,40.7,28.7,139.9,1026.5,23.2,13.9,,,0,
1821428,"44.97778,-118.95889",2015-03-10,21.1,-0.3,9.9,21.1,-3.6,8.7,-3.8,42.59,0,,0,,7.43,35.16,31.7,13.4,105.2,1014.4,0,15.9,,,0,
1821428,"44.97778,-118.95889",2015-03-11,13.2,6.9,9.9,13.2,6.8,9.5,3.5,65.8,1.75,,25,,0,32.47,31.7,12.9,243.7,1016.4,71.2,15.2,,,0,
1821428,"44.97778,-118.95889",2015-03-12,15.6,4.7,9.3,15.6,2.5,8.9,3.6,70.64,0.3,,4.17,,0,31.12,33.5,10.1,191.7,1028.2,35.5,15.1,,,0,
1821428,"44.97778,-118.95889",2015-03-13,19.2,1.5,10.3,19.2,-1,9.3,0.7,55.88,0,,0,,27.27,56,,14.8,108.7,1024.1,0,15.9,,,0,
1821428,"44.97778,-118.95889",2015-03-14,16.9,11.1,14.4,16.9,11.1,14.4,5.2,55.15,5.4,,29.17,,0,52.67,59.4,27,257.7,1014.1,68.6,15.3,,,0,
1821428,"44.97778,-118.95889",2015-03-15,17.2,9.3,12.2,17.2,8.8,12.1,5.7,66.88,5.98,,29.17,,0,47.67,72.4,26.2,195.6,1011.9,70.1,15.2,,,0,
1821428,"44.97778,-118.95889",2015-03-16,11.6,3.4,7.8,11.6,2.2,7.4,2.7,71.01,0.3,,4.17,,0,42.67,35.3,14.2,135.8,1021.2,34.6,16,,,0,
1822912,"39.26,-96.98",2015-03-31,26,4.2,16.5,26,4.2,16.5,2.2,45.54,0,,0,,0,0,31.7,20.3,93.7,1013.6,0,15.6,,,0,
1823590,"36.848116,-93.707321",2015-04-06,21,8.4,14.7,21,5.8,14,12.8,89.33,0,,0,,0,0,41.6,27.8,159.8,1012,85.8,11.7,,,0,
1824935,"42.6674,-78.0632",2015-04-29,21.6,6.2,13.8,21.6,4.6,13.3,5.1,58.62,0,,0,,0,0,35.3,19.5,283.7,1009.7,38.8,15.9,,,0,
1825937,"29.4154,-81.3537",2015-05-21,33.5,21.9,27.1,35.6,21.9,28.2,20.9,71.71,0,,0,,0,0,,16.6,225.3,1014.3,33.4,15.6,,,0,
1832290,"30.841862,-96.503863",2015-06-24,32.3,22.4,27.4,36,22.4,29.3,22.7,77.11,0,,0,,0,0,,10.6,89.2,1019.5,21.4,15.1,,,0,
1833037,"48.4072,-101.6134",2015-10-12,12.8,4.3,8.1,12.8,-0.8,4.9,3.2,73.09,14.36,,33.33,,0,0,96.9,71.8,300.2,1007.9,44.6,15.7,,,0,
1833086,"30.673302,-97.9409079",2015-01-18,20.9,7.2,13.6,20.9,6.3,13.5,-2.3,34.99,0,,0,,0,0,29.5,15,227.5,1025.1,0,16,,,0,
1835027,"41.9227,-74.9293",2015-04-18,24.3,4.1,14.3,24.3,2.5,13.9,3.4,56.02,0.98,,8.33,,0,0,51.8,40.6,300.6,1014,5.7,14.6,,,0,
1836940,"28.6292,-82.528",2015-10-25,29.6,19.3,23.7,31.2,19.3,24.1,18.9,75.99,0,,0,,0,0,33.5,17.4,76.3,1017.3,23.4,15.9,,,0,
1838166,"27.4427,-82.1135",2015-10-19,27.7,19.2,22.7,27.8,19.2,22.7,15.4,64.48,0,,0,,0,0,51.8,33.9,64.6,1021.1,19.2,16,,,0,
1848576,"40.6245,-74.1172",2015-11-04,20.6,10.6,15.8,20.6,10.6,15.8,9.4,67.05,0,,0,,0,0,,14,53.9,1026.9,11.3,15.8,,,0,
1855200,"33.687403,-112.116705",2015-07-17,37.2,28.9,33.1,36.7,28.8,32.6,14.4,33.22,0.04,,8.33,,0,0,38.2,27.1,170.2,1008.3,7,16,,,0,
1859435,"34.949833,-76.947333",2015-04-05,19.2,4.4,13,19.2,4.4,12.9,1.9,51.43,0,,0,,0,0,29.5,22.6,69.9,1026.7,0.9,16,,,0,
1859503,"35.860216,-80.636916",2015-01-05,9.3,-0.3,5.5,7.7,-1.8,4.2,-3.8,53,0.3,,4.17,,0,0,34.5,14.6,266.8,1033.9,3.4,16,,,0,
1859616,"35.682466,-81.771333",2015-02-14,11,-8.4,1.2,11,-11,-0.5,-8.6,52.27,0,,0,,0,0,56,34.8,198,1011.6,43.2,16,,,0,
1862594,"21.2881737,-157.8384552",2001-02-03,26.2,20.6,22.5,26.2,20.6,22.5,17.4,73.3,1.03,,16.67,,,,,22.6,31.5,1017.6,58.5,15,,,0,
1863150,"21.4779205,-157.9944763",2010-07-16,27.5,20.6,23.9,28.7,20.6,24.1,18.8,73.63,0.41,,12.5,,,,40.7,19.7,109.7,1016.4,72.4,15.4,,,0,
1865841,"21.5056229,-158.03347780000001",2012-06-05,26.1,21.1,23.1,26.1,21.1,23.1,17,69.04,0.98,,4.17,,,,42.5,24,83.5,1017.8,66.1,16,,,0,
1867790,"21.4639568,-158.0102692",2011-08-04,27.4,20.5,23.9,27.5,20.5,23.9,16.2,63.41,0.84,,16.67,,,,49.3,29.1,73.6,1015.7,83,15.8,,,0,
1871221,"40.890167,-121.0105",2015-07-08,25,12.2,17.6,25,12.2,17.6,11.8,73.8,4,,25,,0,0,49.1,33.5,73.3,1011.2,46.5,14,,,0,
1878972,"38.823293,-122.337378",2009-08-29,39.4,18.9,28.6,38.4,18.9,28.1,11.4,37.25,0,,0,,,,,18.7,198.5,1010.6,2.5,16,,,0,
1879787,"34.393133,-117.206061",2013-09-28,25.6,6.4,15.9,25.6,6.4,15.9,-7,22.51,0,,0,,,,,15.7,126.2,1015.8,0,16,,,0,
